@odata.etag,ItemInternalId,Name,Sex,Age,Survived,Pclass,Siblings/Spouses Aboard,Parents/Children Aboard,Fare,male,female,deceased,survived2,1st class,2nd class,3rd class
,134bb49a-a1af-4b18-bf42-1e650f924255,Capt. Edward Gifford Crosby,male,70,0,1,1,1,71,1,0,1,0,1,0,0
,6748f967-a73f-4b65-b8bc-724f02634b2d,Col. John Weir,male,60,0,1,0,0,26.55,1,0,1,0,1,0,0
,f86bfd7a-afaf-45a0-8b41-be8f7908ddbd,Col. Oberst Alfons Simonius-Blumer,male,56,1,1,0,0,35.5,1,0,0,1,1,0,0
,d1686b51-7e66-4de1-9a48-69a1b99e7cd7,Don. Manuel E Uruchurtu,male,40,0,1,0,0,27.7208,1,0,1,0,1,0,0
,3ebb23c4-7e93-46ba-b783-8e0583742dac,Dr. Alfred Pain,male,23,0,2,0,0,10.5,1,0,1,0,0,1,0
,4e5a8dd1-b1b3-4f0f-93aa-d24e3b3f70c5,Dr. Alice (Farnham) Leader,female,49,1,1,0,0,25.9292,0,1,0,1,1,0,0
,96c6f74b-09a4-47d5-86c3-49f35f68cb9e,Dr. Arthur Jackson Brewe,male,46,0,1,0,0,39.6,1,0,1,0,1,0,0
,75fa6e7d-288b-42f9-ad89-31d0627faa18,Dr. Ernest Moraweck,male,54,0,2,0,0,14,1,0,1,0,0,1,0
,5f0019e8-9eb7-47b2-a8fa-57e8c2b976d7,Dr. Henry William Frauenthal,male,50,1,1,2,0,133.65,1,0,0,1,1,0,0
,c3717bb5-8343-4b06-9caa-c3cfff67a0a1,Dr. Max Stahelin-Maeglin,male,32,1,1,0,0,30.5,1,0,0,1,1,0,0
,1e47873d-015a-4957-abfd-a3bb80c986c5,Dr. William Edward Minahan,male,44,0,1,2,0,90,1,0,1,0,1,0,0
,ab0aa640-73a5-4601-9590-4b480c36183f,Jonkheer. John George Reuchlin,male,38,0,1,0,0,0,1,0,1,0,1,0,0
,431825c5-7a02-40fa-aba6-42ffa5e96b86,Lady. (Lucille Christiana Sutherland)Duff Gordon,female,48,1,1,1,0,39.6,0,1,0,1,1,0,0
,18940161-941c-488f-af13-14fd3e189117,Major. Archibald Willingham Butt,male,45,0,1,0,0,26.55,1,0,1,0,1,0,0
,c79699ed-3589-4322-8bf2-575a2e3d0ca4,Major. Arthur Godfrey Peuchen,male,52,1,1,0,0,30.5,1,0,0,1,1,0,0
,e2390ff1-0c23-4f93-a98c-86957b74fc26,Master. Alden Gates Caldwell,male,0.83,1,2,0,2,29,1,0,0,1,0,1,0
,1fa0b909-5c4b-4ab6-8c35-dc547125e7d8,Master. Andre Mallet,male,1,1,2,0,2,37.0042,1,0,0,1,0,1,0
,640e104a-4274-4985-9a77-39f9aab04203,Master. Arthur Rice,male,4,0,3,4,1,29.125,1,0,1,0,0,0,1
,d3b00413-798d-456a-a17c-cb3a4dbc2f6c,Master. Assad Alexander Thomas,male,0.42,1,3,0,1,8.5167,1,0,0,1,0,0,1
,47b5c78b-4068-481e-a551-8fb9b38bd266,Master. Bertram Vere Dean,male,1,1,3,1,2,20.575,1,0,0,1,0,0,1
,d84f3b73-acfb-4e1f-918a-67194f52d325,Master. Clarence Gustaf Hugo Asplund,male,9,0,3,4,2,31.3875,1,0,1,0,0,0,1
,d6ad0731-4ce2-4fd2-a270-3a52a06c48c6,Master. Eden Leslie Coutts,male,9,1,3,1,1,15.9,1,0,0,1,0,0,1
,eea5ae3a-ac56-4d87-932e-3e52ba17b3ee,Master. Edmond Roger Navratil,male,2,1,2,1,1,26,1,0,0,1,0,1,0
,0a7ca61b-739b-4c0d-859e-cd6a84a67a99,Master. Edvin Rojj Felix Asplund,male,3,1,3,4,2,31.3875,1,0,0,1,0,0,1
,d1893d60-3daf-436d-9638-14a34e52b283,Master. Eino Viljami Panula,male,1,0,3,4,1,39.6875,1,0,1,0,0,0,1
,dd3ca761-5433-4157-8fa1-16f6197a3fdd,Master. Elias Nicola-Yarred,male,12,1,3,1,0,11.2417,1,0,0,1,0,0,1
,8eb8162e-742b-4409-ae39-529066c93ba4,Master. Eric Rice,male,7,0,3,4,1,29.125,1,0,1,0,0,0,1
,d8e5aad8-acd5-4f54-aa75-ab7541e56b43,Master. Eugene Rice,male,2,0,3,4,1,29.125,1,0,1,0,0,0,1
,46ec12bf-1c96-45d1-9137-fc0ba45f4d5f,Master. Frank John William Goldsmith,male,9,1,3,0,2,20.525,1,0,0,1,0,0,1
,ab91d74b-92bf-402d-99e3-3f25d43a8317,Master. George Hugh Rice,male,8,0,3,4,1,29.125,1,0,1,0,0,0,1
,81227caf-8a69-4a54-b514-0fefeb4da6e4,Master. George Sibley Richards,male,0.83,1,2,1,1,18.75,1,0,0,1,0,1,0
,d9d1a7d6-ad6c-4643-9178-9999ca548524,Master. Gerios Moubarek,male,7,1,3,1,1,15.2458,1,0,0,1,0,0,1
,529965ad-f9d5-40bc-8fc7-4d97830fb935,Master. Gosta Leonard Palsson,male,2,0,3,3,1,21.075,1,0,1,0,0,0,1
,503e2fee-6240-49f5-a7b6-23a95d6f92f4,Master. Halim Gonios Moubarek,male,4,1,3,1,1,15.2458,1,0,0,1,0,0,1
,2ecee567-0b00-4949-b7ca-e5d5b5eeaaf8,Master. Harald Skoog,male,4,0,3,3,2,27.9,1,0,1,0,0,0,1
,77908fbf-02c4-4ec3-bf89-60eeac89f86e,Master. Harold Theodor Johnson,male,4,1,3,1,1,11.1333,1,0,0,1,0,0,1
,618826ea-239b-44e0-bd93-f7e707dcf462,Master. Harold Victor Goodwin,male,9,0,3,5,2,46.9,1,0,1,0,0,0,1
,ea3bd32c-4d4e-4be5-9cfb-2624379533cd,Master. Henry Forbes Lefebre,male,5,0,3,3,1,25.4667,1,0,1,0,0,0,1
,9c1b1d7d-7d19-4587-b815-7a4e8d6958aa,Master. Hudson Trevor Allison,male,0.92,1,1,1,2,151.55,1,0,0,1,1,0,0
,8aa1e91b-eb7c-48a5-b54f-c14b6fa301bd,Master. John Morgan Jr Davies,male,8,1,2,1,1,36.75,1,0,0,1,0,1,0
,4c7aacda-624c-4d38-8d15-be67c4fa4a30,Master. Juha Niilo Panula,male,7,0,3,4,1,39.6875,1,0,1,0,0,0,1
,21961602-13ad-487d-b18d-ba55acd01e98,Master. Karl Thorsten Skoog,male,10,0,3,3,2,27.9,1,0,1,0,0,0,1
,a73194ff-067e-43c9-99c9-1188649428a8,Master. Meier Moor,male,6,1,3,0,1,12.475,1,0,0,1,0,0,1
,b278a720-621f-47cb-81cb-01ce7f50b5dd,Master. Michel M Navratil,male,3,1,2,1,1,26,1,0,0,1,0,1,0
,8df94393-b21e-465d-8cb4-8f0bda26e7b1,Master. Richard F Becker,male,1,1,2,2,1,39,1,0,0,1,0,1,0
,01c64f0f-bb76-439b-994b-a82ba2255d52,Master. Sidney Leonard Goodwin,male,1,0,3,5,2,46.9,1,0,1,0,0,0,1
,5899b79a-887a-45eb-b2a9-eb8d2ef07313,Master. Sigvard Harald Elias Andersson,male,4,0,3,4,2,31.275,1,0,1,0,0,0,1
,4684d6fe-3ee7-4bb5-b6f2-3e423d9a79fb,Master. Thomas Henry Sage,male,5,0,3,8,2,69.55,1,0,1,0,0,0,1
,66f57b2e-b97e-4659-a006-b73002b79954,Master. Urho Abraham Panula,male,2,0,3,4,1,39.6875,1,0,1,0,0,0,1
,4eaff637-acc2-4687-9afe-dcbe5541039a,Master. Viljo Hamalainen,male,0.67,1,2,1,1,14.5,1,0,0,1,0,1,0
,784d29fd-75a3-4467-b3fd-b0f538b7dc56,Master. Washington Dodge,male,4,1,1,0,2,81.8583,1,0,0,1,1,0,0
,35b89cdd-79cc-4b35-b3de-5bdc2c6a3c61,Master. William Frederick Goodwin,male,11,0,3,5,2,46.9,1,0,1,0,0,0,1
,c282ea08-7c81-40c0-b986-7a392d0aac27,Master. William Loch Coutts,male,3,1,3,1,1,15.9,1,0,0,1,0,0,1
,3813983a-aff3-4469-a2ae-a932d4760896,Master. William Rowe Richards,male,3,1,2,1,1,18.75,1,0,0,1,0,1,0
,3dfbb5b0-8586-4ea1-833f-4d1d34ecf0f5,Master. William Thornton II Carter,male,11,1,1,1,2,120,1,0,0,1,1,0,0
,4df75cb7-7acf-4226-a950-4ca7857d6f57,Miss. (Marion Ogden) Meanwell,female,62,0,3,0,0,8.05,0,1,1,0,0,0,1
,289df667-0f14-45bb-af86-84db42ac58ef,Miss. Adele Kiamie Najib,female,15,1,3,0,0,7.225,0,1,0,1,0,0,1
,5dc952ee-ba40-4c5d-b16b-d119c5e23680,Miss. Agda Thorilda Viktoria Lindahl,female,25,0,3,0,0,7.775,0,1,1,0,0,0,1
,454bb8e0-f4a1-4670-adbe-4e01cef14fdb,Miss. Agnes McCoy,female,28,1,3,2,0,23.25,0,1,0,1,0,0,1
,e23a55ac-9463-47ce-87e8-30af22672277,Miss. Albina Bazzani,female,32,1,1,0,0,76.2917,0,1,0,1,1,0,0
,5b6c654c-8eb7-4902-9f31-e7d3d9e08b3d,Miss. Alice Cleaver,female,22,1,1,0,0,151.55,0,1,0,1,1,0,0
,deee0c04-7641-4ffd-a356-b602d9ec3015,Miss. Alice Elizabeth Fortune,female,24,1,1,3,2,263,0,1,0,1,1,0,0
,cc102caa-8f24-4edd-b0c5-13866ba33d0b,Miss. Alice Herman,female,24,1,2,1,2,65,0,1,0,1,0,1,0
,2a757723-bc00-40e9-957e-5c7473caf1b9,Miss. Alice Phoebe Harknett,female,21,0,3,0,0,7.55,0,1,1,0,0,0,1
,62894534-cee0-464a-a527-5c0afdeeccfa,Miss. Aloisia Haas,female,24,0,3,0,0,8.85,0,1,1,0,0,0,1
,149535d6-7de1-4692-b8d3-ba4be3f2ad3d,Miss. Amelia Bissette,female,35,1,1,0,0,135.6333,0,1,0,1,1,0,0
,af13b623-c9aa-42bc-a483-e2ccec529aaa,Miss. Amelia Brown,female,24,1,2,0,0,13,0,1,0,1,0,1,0
,932105c2-eeb8-4aa9-a75b-35b631458f0b,Miss. Amelie Icard,female,38,1,1,0,0,80,0,1,0,1,1,0,0
,b397414a-113c-4345-9030-735fad6f0f61,Miss. Amy Zillah Elsie Stanley,female,23,1,3,0,0,7.55,0,1,0,1,0,0,1
,a1d02676-a59e-41cc-b002-421568baee59,Miss. Ann Elizabeth Isham,female,50,0,1,0,0,28.7125,0,1,1,0,1,0,0
,4bb78ba5-303b-414d-88a4-be7dcbf15906,Miss. Anna Katherine Kelly,female,20,1,3,0,0,7.75,0,1,0,1,0,0,1
,d7ccbd54-72e1-4ec5-bc74-996ce159b776,Miss. Anna Kristine Salkjelsvik,female,21,1,3,0,0,7.65,0,1,0,1,0,0,1
,4033dba1-d9c9-4b81-a521-cb0eff1d7b4c,Miss. Anna McGowan,female,15,1,3,0,0,8.0292,0,1,0,1,0,0,1
,b6b81d4b-49b3-40bf-8c14-5f8a2736243d,Miss. Anna Peter,female,2,1,3,1,1,22.3583,0,1,0,1,0,0,1
,29e205e4-67db-4ab6-a006-868cd37fe184,Miss. Anna Sinkkonen,female,30,1,2,0,0,13,0,1,0,1,0,1,0
,19d95a0f-903c-4934-a8b7-c9de599ff2e0,Miss. Anna Sofia Nysten,female,22,1,3,0,0,7.75,0,1,0,1,0,0,1
,ca457eb5-4f99-4b1c-8013-5bec7bd823c7,Miss. Anna Sofia Sjoblom,female,18,1,3,0,0,7.4958,0,1,0,1,0,0,1
,cf718341-b060-4c7e-ad4f-c03f8512f8f9,Miss. Anna Sofia Turja,female,18,1,3,0,0,9.8417,0,1,0,1,0,0,1
,b9e5bcb9-8dfc-4885-984e-80f37577035c,Miss. Anna Ward,female,35,1,1,0,0,512.3292,0,1,0,1,1,0,0
,20139b30-0b26-4808-8f24-94de6d054c68,Miss. Anne Perreault,female,30,1,1,0,0,93.5,0,1,0,1,1,0,0
,180ba9b6-446a-4823-90cd-7027d750e002,Miss. Annie Clemmer Funk,female,38,0,2,0,0,13,0,1,1,0,0,1,0
,d81f1e15-41e2-45fe-b9b7-880608df62d1,Miss. Annie Jermyn,female,22,1,3,0,0,7.75,0,1,0,1,0,0,1
,ef8582ec-5179-483a-a48a-594b2086aaba,Miss. Annie Jessie Harper,female,6,1,2,0,1,33,0,1,0,1,0,1,0
,269e100d-cac6-476c-ba51-0156ac6d4686,Miss. Asuncion Duran y More,female,27,1,2,1,0,13.8583,0,1,0,1,0,1,0
,cfe8df76-6317-43d4-b5a6-47b71476490b,Miss. Augusta Charlotta Lindblom,female,45,0,3,0,0,7.75,0,1,1,0,0,0,1
,8f15e989-a9b7-438c-92f3-24567f433e1b,Miss. Augusta Maria Vander Planke,female,18,0,3,2,0,18,0,1,1,0,0,0,1
,84a4cced-db90-4c13-8580-931201004b0a,Miss. Augusta Serepeca,female,30,1,1,0,0,31,0,1,0,1,1,0,0
,864446ca-c295-4b99-8141-82bf912d9af9,Miss. Aurora Adelia Landergren,female,22,1,3,0,0,7.25,0,1,0,1,0,0,1
,b59cec2e-9340-4375-8919-766c59ff54f4,Miss. Banoura Ayoub,female,13,1,3,0,0,7.2292,0,1,0,1,0,0,1
,3051d188-e625-454d-bb34-99bb7a929d82,Miss. Bertha Ilett,female,17,1,2,0,0,10.5,0,1,0,1,0,1,0
,f8873573-e2d0-456e-baaa-c4e314d622e7,Miss. Bertha LeRoy,female,30,1,1,0,0,106.425,0,1,0,1,1,0,0
,6bdae307-77e6-428b-8ead-fc3dd6c2c355,Miss. Bertha Lehmann,female,17,1,2,0,0,12,0,1,0,1,0,1,0
,f9dfb428-08a6-48e0-968a-ce6c557bc361,Miss. Bertha Moran,female,28,1,3,1,0,24.15,0,1,0,1,0,0,1
,e2fa9942-d4bf-40bd-ba65-7921a08d8c4b,Miss. Bridget Mary O'Sullivan,female,21,0,3,0,0,7.6292,0,1,1,0,0,0,1
,4877b0fc-2473-4aac-bb5b-45385063338c,Miss. Bridget O'Driscoll,female,27,1,3,0,0,7.75,0,1,0,1,0,0,1
,9aedcb4e-6622-4ffe-b724-a1b896170b06,Miss. Brigdet Delia McDermott,female,31,1,3,0,0,7.7875,0,1,0,1,0,0,1
,ead9486f-7fca-49c2-aead-fdf1b4a29d60,Miss. Carla Christine Nielsine Andersen-Jensen,female,19,1,3,1,0,7.8542,0,1,0,1,0,0,1
,1df6026a-c260-4e4c-beca-2a6d641f1d38,Miss. Caroline Louise Endres,female,38,1,1,0,0,227.525,0,1,0,1,1,0,0
,a67cccdf-a384-4b39-8dac-8a7f3fe23817,Miss. Catharina Van Impe,female,10,0,3,0,2,24.15,0,1,1,0,0,0,1
,7aed7990-b156-4f2a-acc0-3a0d3191b49c,Miss. Catherine Helen Johnston,female,7,0,3,1,2,23.45,0,1,1,0,0,0,1
,77784915-7d11-4933-b2c3-656e09cc261d,Miss. Clear Annie Cameron,female,35,1,2,0,0,21,0,1,0,1,0,1,0
,e617e305-0c15-4218-b78f-9ea27406879c,Miss. Constance Gladys Sage,female,8,0,3,8,2,69.55,0,1,1,0,0,0,1
,d6173bd2-aee0-4038-9840-e0e9cf0da84a,Miss. Constance Mirium West,female,5,1,2,1,2,27.75,0,1,0,1,0,1,0
,af1072b8-bba2-49a4-8b84-d1b2ca7a6881,Miss. Daisy E Minahan,female,33,1,1,1,0,90,0,1,0,1,1,0,0
,aa95751c-8fa9-4bf0-a8e6-1037de9d7aa4,Miss. Delia Henry,female,21,0,3,0,0,7.75,0,1,1,0,0,0,1
,438a1663-5d1f-4df4-b7ae-1ac29cfb84a4,Miss. Doolina Margaret Ford,female,21,0,3,2,2,34.375,0,1,1,0,0,0,1
,9b9e50f1-1f81-4cbe-9489-83be4f2d2181,Miss. Dorothy Edith Sage,female,14,0,3,8,2,69.55,0,1,1,0,0,0,1
,3320aec9-790e-4982-952d-813c0d3ef1b9,Miss. Ebba Iris Alfrida Andersson,female,6,0,3,4,2,31.275,0,1,1,0,0,0,1
,bf3daa0e-1063-4fc9-bcdc-68a49d994eea,Miss. Edwina Celia Troutt,female,27,1,2,0,0,10.5,0,1,0,1,0,1,0
,6581b0d2-7098-4a6d-a063-81ca656e9582,Miss. Eleanor Ileen Johnson,female,1,1,3,1,1,11.1333,0,1,0,1,0,0,1
,6131a71a-77ab-45b5-901b-43c422187fdc,Miss. Eliina Honkanen,female,27,1,3,0,0,7.925,0,1,0,1,0,0,1
,f0ee4d2e-26b1-45bc-8a54-a5f194348eaf,Miss. Elina Olsson,female,31,0,3,0,0,7.8542,0,1,1,0,0,0,1
,ca3e5d7e-c176-4666-8e79-de139014df9b,Miss. Elisabeth Walton Allen,female,29,1,1,0,0,211.3375,0,1,0,1,1,0,0
,a42a93be-04d9-4ef0-8f2c-16391755ba2b,Miss. Elise Lurette,female,58,1,1,0,0,146.5208,0,1,0,1,1,0,0
,d45b2ed6-beff-49e8-955c-adda8d9cb26e,Miss. Elizabeth Bonnell,female,58,1,1,0,0,26.55,0,1,0,1,1,0,0
,33c13614-71f2-4280-b43f-7c1702400581,Miss. Elizabeth Dowdell,female,30,1,3,0,0,12.475,0,1,0,1,0,0,1
,fe600caa-d159-4bab-9abc-b3206e5d8d1c,Miss. Elizabeth Margaret Burns,female,41,1,1,0,0,134.5,0,1,0,1,1,0,0
,7d132195-817d-41b5-9abd-528549db10c6,Miss. Elizabeth Mussey Eustis,female,54,1,1,1,0,78.2667,0,1,0,1,1,0,0
,20f44629-7102-4f94-90f6-fc29288393c1,Miss. Elizabeth W Shutes,female,40,1,1,0,0,153.4625,0,1,0,1,1,0,0
,8c9c5451-1db2-42e1-a9c6-33f40bf16c4b,Miss. Ellen Barber,female,26,1,1,0,0,78.85,0,1,0,1,1,0,0
,30d2fa8f-bf46-421b-8801-1dc7112d921e,Miss. Ellen Natalia Pettersson,female,18,0,3,0,0,7.775,0,1,1,0,0,0,1
,6a4f5ea3-8cff-44f5-b0ee-f414a580153c,Miss. Ellen O'Dwyer,female,24,1,3,0,0,7.8792,0,1,0,1,0,0,1
,e3198f7e-95bf-42f2-9355-77e451700f03,Miss. Ellen Toomey,female,50,1,2,0,0,10.5,0,1,0,1,0,1,0
,222bb79a-dc5c-433c-8230-3f38d5006ee1,Miss. Ellis Anna Maria Andersson,female,2,0,3,4,2,31.275,0,1,1,0,0,0,1
,534c27c4-2c37-42df-a433-b9547b79dacb,Miss. Elsie Doling,female,18,1,2,0,1,23,0,1,0,1,0,1,0
,6b34a730-4fb7-47b7-aed7-297fcafcf719,Miss. Elsie Edith Bowerman,female,22,1,1,0,1,55,0,1,0,1,1,0,0
,54e91d46-1e82-4d40-9965-45ac433222f0,Miss. Emily Borie Ryerson,female,18,1,1,2,2,262.375,0,1,0,1,1,0,0
,ce0db739-490a-43a5-b6ae-8049b90af7b5,Miss. Emily Rugg,female,21,1,2,0,0,10.5,0,1,0,1,0,1,0
,c41af1fa-f0fc-44b8-8654-945f4c8260e2,Miss. Erna Alexandra Andersson,female,17,1,3,4,2,7.925,0,1,0,1,0,0,1
,511ab5df-b2fa-49ee-bcaf-2d7c2d35dba9,Miss. Ethel Garside,female,34,1,2,0,0,13,0,1,0,1,0,1,0
,e058dfe5-6998-4525-bb76-d05702d31cdb,Miss. Eugenie Baclini,female,0.75,1,3,2,1,19.2583,0,1,0,1,0,0,1
,9fc2465b-d8ed-41fc-8b25-6b4895a35766,Miss. Eva Miriam Hart,female,7,1,2,0,2,26.25,0,1,0,1,0,1,0
,e9e56111-a1cc-4a37-9d4a-fdb7047c6940,Miss. Georgette Alexandra Madill,female,15,1,1,0,1,211.3375,0,1,0,1,1,0,0
,b8e663be-1635-4ace-9f7b-ed038d2c5b7b,Miss. Gerda Ulrika Dahlberg,female,22,0,3,0,0,10.5167,0,1,1,0,0,0,1
,ce3e2e9b-98b8-4c91-8db3-df3c8c4af2be,Miss. Gladys Cherry,female,30,1,1,0,0,86.5,0,1,0,1,1,0,0
,9bb46083-fd34-4f6a-ad76-4c99dc303d9d,Miss. Gretchen Fiske Longley,female,21,1,1,0,0,77.9583,0,1,0,1,1,0,0
,62a2317b-a55f-44a4-b1e5-a12e152b3a81,Miss. Hanora Healy,female,33,1,3,0,0,7.75,0,1,0,1,0,0,1
,8d9cedd8-5bb6-46a3-9285-23141d4cb536,Miss. Hanora Hegarty,female,18,0,3,0,0,6.75,0,1,1,0,0,0,1
,20ba0d99-bf51-4b82-8f9d-806a3e17d58d,Miss. Hanora O'Leary,female,16,1,3,0,0,7.8292,0,1,0,1,0,0,1
,6fbe6df2-0727-49f5-abb8-cbc5c5a59c47,Miss. Harriet R Crosby,female,36,1,1,0,2,71,0,1,0,1,1,0,0
,9657bcd3-bbc0-49e7-af12-d3c904a3990c,Miss. Hedwig Margaritha Frolicher,female,22,1,1,0,2,49.5,0,1,0,1,1,0,0
,2ba24238-3ee3-4b73-bb85-e5a301088a2b,Miss. Helen Carr,female,16,1,3,0,0,7.75,0,1,0,1,0,0,1
,78c6be57-464b-4b99-90b0-5c006a8635be,Miss. Helen Loraine Allison,female,2,0,1,1,2,151.55,0,1,1,0,1,0,0
,a73d2387-92e8-4043-ba4c-69dedac577ad,Miss. Helen Mary Mockler,female,23,1,3,0,0,7.8792,0,1,0,1,0,0,1
,d24df3ca-92fd-4282-822c-c7f43d2d14aa,Miss. Helen Monypeny Newsom,female,19,1,1,0,2,26.2833,0,1,0,1,1,0,0
,15ae3087-e5ec-4aad-80da-c895f906da63,Miss. Helene Barbara Baclini,female,0.75,1,3,2,1,19.2583,0,1,0,1,0,0,1
,f981f083-a35d-42b5-9361-914e598624db,Miss. Helmina Josefina Nilsson,female,26,1,3,0,0,7.8542,0,1,0,1,0,0,1
,7ece54e1-a36d-4242-be7a-55aa5ed5d5f0,Miss. Henriette Yrois,female,24,0,2,0,0,13,0,1,1,0,0,1,0
,585d0f54-047f-4942-ba48-d38919cbb7e6,Miss. Hilda Mary Slayter,female,30,1,2,0,0,12.35,0,1,0,1,0,1,0
,b60b5d10-6bbe-4958-a783-964d8fb7456a,Miss. Hildur E Hirvonen,female,2,1,3,0,1,12.2875,0,1,0,1,0,0,1
,f61ce63e-064d-4336-860f-a8d25a059036,Miss. Hileni Zabour,female,14.5,0,3,1,0,14.4542,0,1,1,0,0,0,1
,3485c99b-dcde-475e-bc1f-71adf02ff29d,Miss. Hulda Amanda Adolfina Vestrom,female,14,0,3,0,0,7.8542,0,1,1,0,0,0,1
,bbac621a-19f0-448e-aacc-0b7b0edbbea8,Miss. Ida Lefebre,female,3,0,3,3,1,25.4667,0,1,1,0,0,0,1
,743dcc33-4350-4448-9a5b-df3ffca81de3,Miss. Ida Sofia Strandberg,female,22,0,3,0,0,9.8375,0,1,1,0,0,0,1
,a7c8b00a-2533-427f-9d6c-de86666eca3f,Miss. Ingeborg Constanzia Andersson,female,9,0,3,4,2,31.275,0,1,1,0,0,0,1
,ad23e91b-35a0-4517-8908-a6b3dc817219,Miss. Jamila Nicola-Yarred,female,14,1,3,1,0,11.2417,0,1,0,1,0,0,1
,64645240-f06d-4f95-a1d2-0ef5e01e9861,Miss. Jean Gertrude Hippach,female,16,1,1,0,1,57.9792,0,1,0,1,1,0,0
,687536c6-f4fc-44df-b81e-fc73ea8c2215,Miss. Jeannie Lefebre,female,8,0,3,3,1,25.4667,0,1,1,0,0,0,1
,86788428-39ee-4746-8fbd-6e68807dbf5a,Miss. Jessie Wills Leitch,female,31,1,2,0,0,33,0,1,0,1,0,1,0
,898d2901-e9a4-4ef9-b762-2b4855195ce7,Miss. Joan Wells,female,4,1,2,1,1,23,0,1,0,1,0,1,0
,4744d8c9-9094-4afb-99eb-402410a79c6c,Miss. Julie Rachel Christy,female,25,1,2,1,1,30,0,1,0,1,0,1,0
,ae761b87-9238-43ee-8d89-7f2681fbb8a3,Miss. Kate Buss,female,36,1,2,0,0,13,0,1,0,1,0,1,0
,958b3d27-5076-4b75-8866-51e2cfe526af,Miss. Kate Connolly,female,22,1,3,0,0,7.75,0,1,0,1,0,0,1
,bf31ed8a-93dc-46a1-8e69-c9305093217f,Miss. Kate Florence Phillips,female,19,1,2,0,0,26,0,1,0,1,0,1,0
,e5a183be-1e55-4a32-835b-2c7238e0a679,Miss. Katherine Gilnagh,female,16,1,3,0,0,7.7333,0,1,0,1,0,0,1
,24adccbe-8299-4db8-a6b9-4ff5cc439583,Miss. Katherine Mullens,female,19,1,3,0,0,7.7333,0,1,0,1,0,0,1
,be76eb84-4491-4b3f-8a5c-4ec428c2cc78,Miss. Katherine Murphy,female,18,1,3,1,0,15.5,0,1,0,1,0,0,1
,3827ec9b-404e-4d25-b964-e32b239eb8f2,Miss. Katie Peters,female,28,0,3,0,0,8.1375,0,1,1,0,0,0,1
,3b4edcdd-e807-425c-b05d-e5a0bd7cc705,Miss. Katriina Jussila,female,20,0,3,1,0,9.825,0,1,1,0,0,0,1
,cbc90213-67ff-4a11-854b-f2d06a267031,Miss. Kornelia Theodosia Andrews,female,63,1,1,1,0,77.9583,0,1,0,1,1,0,0
,77b2585a-77ca-4824-9884-be4a5d90e3bc,Miss. Kristina Sofia Laitinen,female,37,0,3,0,0,9.5875,0,1,1,0,0,0,1
,eea08e4f-83b0-4136-982f-93c407a43654,Miss. Laina Heikkinen,female,26,1,3,0,0,7.925,0,1,0,1,0,0,1
,7c61c0bb-b6fb-4832-a27a-043b03744269,Miss. Laura Mabel Francatelli,female,30,1,1,0,0,56.9292,0,1,0,1,1,0,0
,c9e5bfb5-27d1-46c5-8258-0be13847c863,Miss. Lillian Amy Goodwin,female,16,0,3,5,2,46.9,0,1,1,0,0,0,1
,54c1aaa6-e756-42fe-970a-58419dbe88f0,Miss. Lillian Gertrud Asplund,female,5,1,3,4,2,31.3875,0,1,0,1,0,0,1
,00529875-389a-4c3a-836e-07adb9d1a291,Miss. Lucile Polk Carter,female,14,1,1,1,2,120,0,1,0,1,1,0,0
,f9bda4c5-a655-40cb-97ad-fdcf94601610,Miss. Lucy Ridsdale,female,50,1,2,0,0,10.5,0,1,0,1,0,1,0
,e7f95c21-3f3a-44f4-9424-c2101111c943,Miss. Luise Gretchen Kink-Heilmann,female,4,1,3,0,2,22.025,0,1,0,1,0,0,1
,d50afb1d-5d9b-48bd-9917-0f9f3b01141c,Miss. Lyyli Karoliina Silven,female,18,1,2,0,2,13,0,1,0,1,0,1,0
,f9843393-f2a1-4845-b411-17fdf8416f2a,Miss. Mabel Helen Fortune,female,23,1,1,3,2,263,0,1,0,1,1,0,0
,2306b077-a0e4-4dda-b542-8f84e9b3e6a5,Miss. Mabel Skoog,female,9,0,3,3,2,27.9,0,1,1,0,0,0,1
,2a41eb08-b385-4b8e-b0e6-2d801fd93cbc,Miss. Madeleine Newell,female,31,1,1,1,0,113.275,0,1,0,1,1,0,0
,9b29d2ad-1c58-4342-b7ed-b77d4512abe2,Miss. Madeleine Violet Mellinger,female,13,1,2,0,1,19.5,0,1,0,1,0,1,0
,52ef8d49-35bf-4edb-af04-90ab0d2a954a,Miss. Malake Attalah,female,17,0,3,0,0,14.4583,0,1,1,0,0,0,1
,bd1374fc-1883-49cf-941e-2194321467b3,Miss. Manca Karun,female,4,1,3,0,1,13.4167,0,1,0,1,0,0,1
,1d68f0e0-babd-43d5-b164-5255256c7e2c,Miss. Margaret Bechstein Hays,female,24,1,1,0,0,83.1583,0,1,0,1,1,0,0
,6d802013-53a6-4749-9fe7-a5261f05a0a9,Miss. Margaret Delia Devaney,female,19,1,3,0,0,7.8792,0,1,0,1,0,0,1
,b649ce4e-38f8-4c1e-ad4f-ee25035d6f73,Miss. Margaret Edith Graham,female,19,1,1,0,0,30,0,1,0,1,1,0,0
,d40831ea-e401-4382-9606-9d8753c0f372,Miss. Margaret Fleming,female,42,1,1,0,0,110.8833,0,1,0,1,1,0,0
,0a1e056e-e311-4cc3-87d6-79f73f0742ff,Miss. Margaret Jane Murphy,female,18,1,3,1,0,15.5,0,1,0,1,0,0,1
,6c4742e5-7cd3-45c5-81ec-293d371f54ae,Miss. Margaret Madigan,female,21,1,3,0,0,7.75,0,1,0,1,0,0,1
,dcc44040-d83a-401b-a3ae-758f36d894cd,Miss. Margareth Mannion,female,28,1,3,0,0,7.7375,0,1,0,1,0,0,1
,d1a2e023-ad15-4db2-bf91-0a77821c5c23,Miss. Margit Elizabeth Skoog,female,2,0,3,3,2,27.9,0,1,1,0,0,0,1
,4ceff750-dd55-49b9-9df1-1711954e228c,Miss. Marguerite Rut Sandstrom,female,4,1,3,1,1,16.7,0,1,0,1,0,0,1
,46167358-7fb7-45f7-8477-24c9f0e616fe,Miss. Mari Aina Jussila,female,21,0,3,1,0,9.825,0,1,1,0,0,0,1
,6fdc03b6-ef08-4c05-9f50-a3abdf4a8336,Miss. Maria Nakid,female,1,1,3,0,2,15.7417,0,1,0,1,0,0,1
,211b06df-d403-488f-8e19-14593ca3b606,Miss. Marie Catherine Baclini,female,5,1,3,2,1,19.2583,0,1,0,1,0,0,1
,45089638-1d26-4aaa-b923-7efa2a3ca27c,Miss. Marie Grice Young,female,36,1,1,0,0,135.6333,0,1,0,1,1,0,0
,db00cf43-877e-4414-baf4-2824363d4e73,Miss. Marija Cacic,female,30,0,3,0,0,8.6625,0,1,1,0,0,0,1
,478e0f69-aaef-4923-a74b-a01756a857b2,Miss. Marija Oreskovic,female,20,0,3,0,0,8.6625,0,1,1,0,0,0,1
,72fe21c8-61af-4eb7-8e23-afd72be7f4d8,Miss. Marion Elsie Smith,female,40,1,2,0,0,13,0,1,0,1,0,1,0
,84a077da-6535-4a90-a89e-e83f3b329491,Miss. Marion Louise Becker,female,4,1,2,2,1,39,0,1,0,1,0,1,0
,ff32976e-724b-4548-9dab-a85bf044724d,Miss. Marjorie Collyer,female,8,1,2,0,2,26.25,0,1,0,1,0,1,0
,60162cd9-1b73-4c9b-a4e3-d6486543fce7,Miss. Marjorie Newell,female,23,1,1,1,0,113.275,0,1,0,1,1,0,0
,c118a7e3-fbad-4f31-b245-f3c810dfe3a1,Miss. Mary Agatha Glynn,female,18,1,3,0,0,7.75,0,1,0,1,0,0,1
,f72736b8-8020-4b10-b98a-7bae967356e7,Miss. Mary Bourke,female,40,0,3,0,2,7.75,0,1,1,0,0,0,1
,fbbfd41e-5b34-4b4c-9e08-f6cfe912b236,Miss. Mary Canavan,female,21,0,3,0,0,7.75,0,1,1,0,0,0,1
,549c649e-8bf5-41ff-98ba-9b4e4edb37d7,Miss. Mary Conover Lines,female,16,1,1,0,1,39.4,0,1,0,1,1,0,0
,b28d56de-3302-4cca-be4d-4e62324b4f81,Miss. Mary Davis,female,28,1,2,0,0,13,0,1,0,1,0,1,0
,4627ed07-d2df-48b3-be5d-9167d829c1f9,Miss. Mary Kelly,female,22,1,3,0,0,7.75,0,1,0,1,0,0,1
,672abcb0-2112-4440-b853-5ad57673b751,Miss. Mary Mangan,female,30.5,0,3,0,0,7.75,0,1,1,0,0,0,1
,8559a23a-0038-4296-b71b-f589f3971c5e,Miss. Mary McGovern,female,22,1,3,0,0,7.8792,0,1,0,1,0,0,1
,0e0acc7a-e3ed-47a4-b9b0-cbb7e57c09a8,Miss. Mary Natalie Wick,female,31,1,1,0,2,164.8667,0,1,0,1,1,0,0
,f307a7b5-962e-4d4b-9979-a986041b00d0,Miss. Mathilde Lefebre,female,12,0,3,3,1,25.4667,0,1,1,0,0,0,1
,84c87869-c3f3-4e0b-9727-a6d2b2a22382,Miss. Matilda Petranec,female,28,0,3,0,0,7.8958,0,1,1,0,0,0,1
,ba611f8b-8de5-41a3-82f3-c3bede820ab0,Miss. Nora A Keane,female,46,1,2,0,0,12.35,0,1,0,1,0,1,0
,4e1f6fb6-5f65-4787-ab53-f6e70d15e483,Miss. Nourelain Boulos,female,9,0,3,1,1,15.2458,0,1,1,0,0,0,1
,7155bd12-f6ae-4ac0-a185-4508bc6eb02e,Miss. Phyllis May Quick,female,2,1,2,1,1,26,0,1,0,1,0,1,0
,89ceda0b-5096-4974-a8fa-2a8b583c5824,Miss. Pieta Sofia Ilmakangas,female,25,0,3,1,0,7.925,0,1,1,0,0,0,1
,1cd065c1-0c1b-4b3a-aca6-f4a7a9db7096,Miss. Roberta Maioni,female,16,1,1,0,0,86.5,0,1,0,1,1,0,0
,04a96a48-11f3-4e9a-bb8f-27a3903dfd02,Miss. Robina Maggie Ford,female,9,0,3,2,2,34.375,0,1,1,0,0,0,1
,60acb2db-b70f-4316-a1cb-1fae9088392c,Miss. Rosalie Bidois,female,42,1,1,0,0,227.525,0,1,0,1,1,0,0
,926d22ea-16a9-42c5-b93f-28139dc0a5d1,Miss. Ruth Taussig,female,18,1,1,0,2,79.65,0,1,0,1,1,0,0
,8e88d497-9087-4597-a156-a641eba8030b,Miss. Saiide Barbara,female,18,0,3,0,1,14.4542,0,1,1,0,0,0,1
,e28ce384-4daa-4979-b38c-ce760aeaf55b,Miss. Sara Rebecca Compton,female,39,1,1,1,1,83.1583,0,1,0,1,1,0,0
,44ab9161-6b09-4be4-89ab-9732ceeda7de,Miss. Sigrid Elisabeth Andersson,female,11,0,3,4,2,31.275,0,1,1,0,0,0,1
,5d42c1b6-3a5c-4a93-9512-13b4867f0c88,Miss. Simonne Marie Anne Andree Laroche,female,3,1,2,1,2,41.5792,0,1,0,1,0,1,0
,e1627fa8-4995-4158-89ce-13122d5b49c1,Miss. Stella Anna Sage,female,21,0,3,8,2,69.55,0,1,1,0,0,0,1
,dcce3eb1-c2bc-4c9b-8761-1e35213493c0,Miss. Stina Viola Palsson,female,3,0,3,3,1,21.075,0,1,1,0,0,0,1
,2cf12d58-8d45-4f92-8171-ceea65c90589,Miss. Susan Parker Ryerson,female,21,1,1,2,2,262.375,0,1,0,1,1,0,0
,fb7944f4-5641-49ea-a6e8-cff8ae104db7,Miss. Susan Webber,female,32.5,1,2,0,0,13,0,1,0,1,0,1,0
,5959fc06-6a38-46ca-a3f5-7f522be14c06,Miss. Telma Matilda Strom,female,2,0,3,0,1,10.4625,0,1,1,0,0,0,1
,4cde9f1c-f149-4663-82ed-673ff7b69d90,Miss. Thamine Zabour,female,19,0,3,1,0,14.4542,0,1,1,0,0,0,1
,c3c2eea8-0b30-40c9-82c7-6b19c9a336dd,Miss. Torborg Danira Palsson,female,8,0,3,3,1,21.075,0,1,1,0,0,0,1
,2c1f9ee5-b257-4bd7-baf6-e830ac17e29f,Miss. Velin Ohman,female,22,1,3,0,0,7.775,0,1,0,1,0,0,1
,2602c3ca-07de-4741-a3ee-32c0b508b21b,Miss. Virginia Ethel Emanuel,female,5,1,3,0,0,12.475,0,1,0,1,0,0,1
,0ac9e69e-6778-4c5b-bb13-fd18f673960a,Miss. Wendla Maria Heininen,female,23,0,3,0,0,7.925,0,1,1,0,0,0,1
,72bafc6e-cbab-47a6-a15f-9c712e9666d7,Mlle. Berthe Antonine Mayne,female,24,1,1,0,0,49.5042,0,1,0,1,1,0,0
,8888785a-3a16-4918-bb08-a22fe7560dd4,Mlle. Emma Sagesser,female,24,1,1,0,0,69.3,0,1,0,1,1,0,0
,8163b783-e895-4acf-816b-41f473f4a700,Mme. Leontine Pauline Aubart,female,24,1,1,0,0,69.3,0,1,0,1,1,0,0
,59d224f5-87f6-4b68-86dc-c4047c7488f6,Mr. Abraham (David Lishin) Harmer,male,25,0,3,0,0,7.25,1,0,1,0,0,0,1
,6a0c9140-6775-4347-96f5-92c97ed8ae20,Mr. Achille Waelens,male,22,0,3,0,0,9,1,0,1,0,0,0,1
,05823021-5d4d-4e2b-ad54-c9d4801be8dc,Mr. Adola Asim,male,35,0,3,0,0,7.05,1,0,1,0,0,0,1
,8cb2ffff-b36f-4f98-a32f-a70dfc73daf3,Mr. Adolf Mathias Nicolai Olsen Humblen,male,42,0,3,0,0,7.65,1,0,1,0,0,0,1
,3a6383c6-c9f6-4278-ab0a-ec3982bb8b0f,Mr. Adolphe Saalfeld,male,47,1,1,0,0,30.5,1,0,0,1,1,0,0
,4664e568-042c-47d5-a5df-aa8760aeaaca,Mr. Ahmed Ali,male,24,0,3,0,0,7.05,1,0,1,0,0,0,1
,2ee14213-bb97-406f-a0d5-b48fda319b6c,Mr. Albert A Stewart,male,64,0,1,0,0,27.7208,1,0,1,0,1,0,0
,27c194ab-eb97-419f-8924-41290bbba662,Mr. Albert Adrian Dick,male,31,1,1,1,0,57,1,0,0,1,1,0,0
,0eb1a0ee-4382-428f-99cb-313b54dfddd0,Mr. Albert Augustsson,male,23,0,3,0,0,7.8542,1,0,1,0,0,0,1
,c658c544-89ee-4687-95d8-c6ce27db0fb4,Mr. Albert Johan Moss,male,29,1,3,0,0,7.775,1,0,0,1,0,0,1
,a1e8f56f-aa96-4226-acd7-423983e5dcd5,Mr. Albert Mallet,male,31,0,2,1,1,37.0042,1,0,1,0,0,1,0
,f1de2ea6-a6e4-41da-9f7a-756c3f519a5b,Mr. Alexander Cairns,male,28,0,1,0,0,31,1,0,1,0,1,0,0
,57c1a721-eea1-4d20-ade4-0a6c8ef3aca3,Mr. Alexander Oskar Holverson,male,42,0,1,1,0,52,1,0,1,0,1,0,0
,775ef5f9-4414-4f1d-9a3a-b6e7844e3903,Mr. Alexander Radeff,male,27,0,3,0,0,7.8958,1,0,1,0,0,0,1
,6920f924-d0a0-46b9-a2cf-c0d2ae89ae20,Mr. Alfons de Pelsmaeker,male,16,0,3,0,0,9.5,1,0,1,0,0,0,1
,a85fe154-cb68-4422-a822-b57141fa0159,Mr. Alfonzo Meo,male,55.5,0,3,0,0,8.05,1,0,1,0,0,0,1
,0d5b7712-79dc-4ce9-afc7-b6d1624d5a4b,Mr. Alfred Fleming Cunningham,male,22,0,2,0,0,0,1,0,1,0,0,1,0
,33d2583f-dd5d-4d88-af12-601485798db7,Mr. Alfred Gaskell,male,16,0,2,0,0,26,1,0,1,0,0,1,0
,3aec8879-4c26-4ca6-a17e-a00bcef871dc,Mr. Alfred George John Rush,male,16,0,3,0,0,8.05,1,0,1,0,0,0,1
,9f53c1ab-2e28-4eb8-8ba6-c9e9f3c420d6,Mr. Alfred J Davies,male,24,0,3,2,0,24.15,1,0,1,0,0,0,1
,475fef79-d635-42b8-821f-78dd486a447f,Mr. Alfred Johnson,male,49,0,3,0,0,0,1,0,1,0,0,0,1
,0dfc7765-758a-41da-bc76-3f41e0b57de9,Mr. Alfred Ossian Gustafsson,male,20,0,3,0,0,9.8458,1,0,1,0,0,0,1
,15c4eb52-f857-4881-9507-dee2332511b8,Mr. Algernon Henry Wilson Barkworth,male,80,1,1,0,0,30,1,0,0,1,1,0,0
,5e71c160-f470-4066-9637-58acb277e3d7,Mr. Ali Lam,male,37,1,3,0,0,56.4958,1,0,0,1,0,0,1
,150d8db5-557b-4363-8279-4ba182f4e5b4,Mr. Ambrose Jr Hood,male,21,0,2,0,0,73.5,1,0,1,0,0,1,0
,c6259ef3-9513-4f82-9753-e5daa0dc5e5b,Mr. Amin Saad,male,30,0,3,0,0,7.2292,1,0,1,0,0,0,1
,d369a979-3e59-49ae-9511-a45e72638058,Mr. Anders Johan Andersson,male,39,0,3,1,5,31.275,1,0,1,0,0,0,1
,2c3787a3-a838-490a-9071-63f7c55e327f,Mr. Anders Vilhelm Gustafsson,male,37,0,3,2,0,7.925,1,0,1,0,0,0,1
,39192274-2bf9-44ba-84c5-61b5a11d68c6,Mr. Andrew G Johnston,male,35,0,3,1,2,23.45,1,0,1,0,0,0,1
,493c54f8-97cc-430c-9dc9-72da0004ca46,Mr. Andrew Keane,male,20,0,3,0,0,7.75,1,0,1,0,0,0,1
,64b0df12-3afa-4c1a-a236-76ad936641a0,Mr. Anthony Abbing,male,42,0,3,0,0,7.55,1,0,1,0,0,0,1
,4fcb5383-b7e0-4272-985c-28819dd90b6d,Mr. Anthony Wood Frost,male,37,0,2,0,0,0,1,0,1,0,0,1,0
,e71747c0-ec2a-4c9b-8aef-fc4c4342ada7,Mr. Antoni Yasbeck,male,27,0,3,1,0,14.4542,1,0,1,0,0,0,1
,986c3540-0897-410e-a6d8-99d5dcc835e3,Mr. Antti Gustaf Leinonen,male,32,0,3,0,0,7.925,1,0,1,0,0,0,1
,ec961300-0208-426d-90dd-a76b6c1921af,Mr. Antti Wilhelm Sivola,male,21,0,3,0,0,7.925,1,0,1,0,0,0,1
,91f8c496-b519-4833-94ba-f9b033b64689,Mr. Apostolos Chronopoulos,male,26,0,3,1,0,14.4542,1,0,1,0,0,0,1
,14a76b06-880b-485e-9fd2-a5c63e3da601,Mr. Arne Jonas Fahlstrom,male,18,0,2,0,0,13,1,0,1,0,0,1,0
,18b13667-2fa5-41f4-96ad-c88a6d066bd1,Mr. Arthur Ernest Nicholson,male,64,0,1,0,0,26,1,0,1,0,1,0,0
,35359c4d-416e-46d8-a719-1b979b201ac0,Mr. Arthur H Gee,male,47,0,1,0,0,38.5,1,0,1,0,1,0,0
,32a331cd-22b1-4ded-bf4e-2ee6b3734628,Mr. Arthur Keefe,male,39,0,3,0,0,7.25,1,0,1,0,0,0,1
,41ce3c8b-1fcc-46cd-b09f-fe49cfe8d53a,Mr. Arthur Webster Newell,male,58,0,1,0,2,113.275,1,0,1,0,1,0,0
,f0bbc864-37d3-44fe-a67c-0701d8018d6a,Mr. August Edvard Andersson,male,27,1,3,0,0,7.7958,1,0,0,1,0,0,1
,9a959f20-084b-4fc9-8845-a6379b81b5fc,Mr. August Meyer,male,39,0,2,0,0,13,1,0,1,0,0,1,0
,48ba94b7-d7e4-42de-a959-e00762a86a91,Mr. August Sigfrid Carlsson,male,28,0,3,0,0,7.7958,1,0,1,0,0,0,1
,65172183-c439-4226-a470-2e5a0bf63e08,Mr. August Viktor Larsson,male,29,0,3,0,0,9.4833,1,0,1,0,0,0,1
,9771e0bf-352c-4f17-8121-9e4914fd74e8,Mr. Austen Partner,male,45.5,0,1,0,0,28.5,1,0,1,0,1,0,0
,8268747a-443c-4eeb-9c14-677c57df8028,Mr. Austin Blyler van Billiard,male,40.5,0,3,0,2,14.5,1,0,1,0,0,0,1
,a053c331-e66c-437d-8e54-e5fa08ef2be6,Mr. Bengt Edvin Larsson,male,29,0,3,0,0,7.775,1,0,1,0,0,0,1
,dfa35274-c44e-429f-bb51-9644faaecf11,Mr. Benjamin Guggenheim,male,46,0,1,0,0,79.2,1,0,1,0,1,0,0
,99791a2d-712b-4a0e-a46a-5fd85e07d238,Mr. Benjamin Hart,male,43,0,2,1,1,26.25,1,0,1,0,0,1,0
,56e5626e-5cc3-4438-afe8-cc25148eae75,Mr. Benjamin Laventall Foreman,male,30,0,1,0,0,27.75,1,0,1,0,1,0,0
,e07ceb38-291c-43de-90b1-ed6518748693,Mr. Berk (Berk Trembisky) Pickard,male,32,1,3,0,0,8.05,1,0,0,1,0,0,1
,998db638-d7ef-4b6a-ae07-e51f2e3ec03c,Mr. Bernard McCoy,male,24,1,3,2,0,23.25,1,0,0,1,0,0,1
,0aef9356-6f0c-48e8-829d-6913f6509c80,Mr. Bernt Johannesen-Bratthammer,male,29,1,3,0,0,8.1125,1,0,0,1,0,0,1
,33108205-ca24-45b5-aa1a-3b21924dc0a7,Mr. Bertram Frank Dean,male,26,0,3,1,2,20.575,1,0,1,0,0,0,1
,cc4513eb-d6b1-4ea5-a14f-7b54c1540f21,Mr. Branko Dakic,male,19,0,3,0,0,10.1708,1,0,1,0,0,0,1
,0a70e2d4-34da-4fd2-8837-6b8137b71aee,Mr. Carl Jonsson,male,32,1,3,0,0,7.8542,1,0,0,1,0,0,1
,b9b6a6e9-fa75-4604-a714-c267f44be57c,Mr. Carl Olof Jansson,male,21,1,3,0,0,7.7958,1,0,0,1,0,0,1
,c726df70-a545-4c41-adbc-9bcfbb876c70,Mr. Carl/Charles Peter Widegren,male,51,0,3,0,0,7.75,1,0,1,0,0,0,1
,b5f4e0e0-2f45-4089-a6ce-86de26e59f88,Mr. Cerin Balkic,male,26,0,3,0,0,7.8958,1,0,1,0,0,0,1
,80400b45-ff4c-4215-9742-d00867179fa0,Mr. Chang Chip,male,32,1,3,0,0,56.4958,1,0,0,1,0,0,1
,c2b00969-156c-433d-ab7c-a6ba5c637392,Mr. Charles Alexander Fortune,male,19,0,1,3,2,263,1,0,1,0,1,0,0
,a0d60f12-f9e2-465c-9e57-14cb73811295,Mr. Charles Duane Williams,male,51,0,1,0,1,61.3792,1,0,1,0,1,0,0
,8083e809-7b4d-4b8e-a8c1-9271173e45c8,Mr. Charles Edward Goodwin,male,14,0,3,5,2,46.9,1,0,1,0,0,0,1
,bd1da53c-9983-43fc-a81e-79e9e8323d06,Mr. Charles Eugene Williams,male,23,1,2,0,0,13,1,0,0,1,0,1,0
,3bb84fdd-8ed0-47aa-a0ca-4532a7a63d2a,Mr. Charles Frederick Waddington Sedgwick,male,25,0,2,0,0,13,1,0,1,0,0,1,0
,7f55e288-0629-4da2-853b-48a87a65b09e,Mr. Charles H Harrington,male,37,0,1,0,0,42.4,1,0,1,0,1,0,0
,cde7c404-b395-4ef6-ad53-40728742fb44,Mr. Charles H Natsch,male,37,0,1,0,1,29.7,1,0,1,0,1,0,0
,1d2ce226-2730-4f16-a793-860c2fbeea64,Mr. Charles Hallace Romaine,male,45,1,1,0,0,26.55,1,0,0,1,1,0,0
,76c2467c-2515-42b1-9820-ae51d44a4519,Mr. Charles Henry Chapman,male,52,0,2,0,0,13.5,1,0,1,0,0,1,0
,f4e85053-01b3-4e95-bb76-7de6c0d06dda,Mr. Charles Henry Davies,male,18,0,2,0,0,73.5,1,0,1,0,0,1,0
,d3859d11-c11e-464b-9d77-b923866837f9,Mr. Charles Joseph Shorney,male,22,0,3,0,0,8.05,1,0,1,0,0,0,1
,2d4d5a63-b0e0-4705-8ada-283d13b7533f,Mr. Charles Wilhelms,male,31,1,2,0,0,13,1,0,0,1,0,1,0
,cf66879b-d760-40b9-a339-5e5b983a9531,Mr. Choong Foo,male,32,1,3,0,0,56.4958,1,0,0,1,0,0,1
,639819a8-7621-4461-ab29-b1e4d665b05b,Mr. Christo Nenkoff,male,22,0,3,0,0,7.8958,1,0,1,0,0,0,1
,e8d857c0-2a2d-4b78-b7c1-c4235fef9a90,Mr. Claus Peter Hansen,male,41,0,3,2,0,14.1083,1,0,1,0,0,0,1
,1e1f1054-60e6-4ef3-9621-eeb9f5b2f730,Mr. Daniel Coxon,male,59,0,3,0,0,7.25,1,0,1,0,0,0,1
,0d33f84c-f9e1-4d8f-adfa-23e57b44321e,Mr. Daniel Danielsen Gronnestad,male,32,0,3,0,0,8.3625,1,0,1,0,0,0,1
,d77d4ff5-5765-441a-ad54-abeaea229712,Mr. Daniel J Moran,male,28,0,3,1,0,24.15,1,0,1,0,0,0,1
,f0c4ab70-d100-46e9-8159-9281d57e6ac9,Mr. Daniel Warner Marvin,male,19,0,1,1,0,53.1,1,0,1,0,1,0,0
,aaf8fab1-7fb9-46be-8475-57133847f53f,Mr. David Charters,male,21,0,3,0,0,7.7333,1,0,1,0,0,0,1
,43b03797-ec69-480d-a651-331e42619636,Mr. David John Barton,male,22,0,3,0,0,8.05,1,0,1,0,0,0,1
,315e36a5-1d94-4f8f-9b60-142dc4265097,Mr. David John Bowen,male,21,0,3,0,0,16.1,1,0,1,0,0,0,1
,7dd18866-a5f0-46b7-a157-a9336a9cb17f,Mr. David Reeves,male,36,0,2,0,0,10.5,1,0,1,0,0,1,0
,26afc2d0-4bdd-4500-9998-1f616e2d2043,Mr. Denis Lennon,male,20,0,3,1,0,15.5,1,0,1,0,0,0,1
,fa0d5010-3efa-494d-bc88-57f2aef35cce,Mr. Dibo Elias,male,29,0,3,0,0,7.225,1,0,1,0,0,0,1
,6ea794f6-db57-4560-8a7e-53ccbea7779e,Mr. Dickinson H Bishop,male,25,1,1,1,0,91.0792,1,0,0,1,1,0,0
,7c3e432d-5725-438e-8363-69e154b06964,Mr. Domingos Fernandeo Coelho,male,20,0,3,0,0,7.05,1,0,1,0,0,0,1
,9229e225-f665-4777-938d-2d4f9ca951d3,Mr. Douglas Bullen Sage,male,18,0,3,8,2,69.55,1,0,1,0,0,0,1
,b003320e-6275-44bb-bbc4-5952cb0ecd2c,Mr. Eberhard Thelander Fischer,male,18,0,3,0,0,7.7958,1,0,1,0,0,0,1
,bd038cad-1be7-485f-95ed-eed560ec7c25,Mr. Edgar Joseph Meyer,male,28,0,1,1,0,82.1708,1,0,1,0,1,0,0
,b54099ca-275f-4063-a460-59cfe87b5ecb,Mr. Edgardo Samuel Andrew,male,18,0,2,0,0,11.5,1,0,1,0,0,1,0
,9c554907-ea8b-4f72-847d-ee99851bc12a,Mr. Edvard Bengtsson Lindell,male,36,0,3,1,0,15.55,1,0,1,0,0,0,1
,0e12a769-9b68-491a-a7c1-5bd6be012d4a,Mr. Edvard Pekoniemi,male,21,0,3,0,0,7.925,1,0,1,0,0,0,1
,2c6b6771-631c-43b2-8304-97d512541d02,Mr. Edward Arthur Dorking,male,19,1,3,0,0,8.05,1,0,0,1,0,0,1
,ac7de5b5-05a3-429b-a7d9-09d6df3ca496,Mr. Edward Austin Kent,male,58,0,1,0,0,29.7,1,0,1,0,1,0,0
,12e94e42-a645-4248-a619-cc6242982435,Mr. Edward Beane,male,32,1,2,1,0,26,1,0,0,1,0,1,0
,f8f57b2b-9e00-4197-853c-977f3ba9a55a,Mr. Edward H Wheadon,male,66,0,2,0,0,10.5,1,0,1,0,0,1,0
,55e2b8c8-0683-4883-974f-5d8fb01e3526,Mr. Edward Pennington Calderhead,male,42,1,1,0,0,26.2875,1,0,0,1,1,0,0
,26d003e5-b45e-445d-b589-817316275218,Mr. Edward Pomeroy Colley,male,47,0,1,0,0,25.5875,1,0,1,0,1,0,0
,a018bed1-7eb5-478b-9a1d-866a961d3d6f,Mr. Edward Roland Stanley,male,21,0,3,0,0,8.05,1,0,1,0,0,0,1
,2e505ce9-af44-46a8-b868-de601833b566,Mr. Edward Willey,male,21,0,3,0,0,7.55,1,0,1,0,0,0,1
,a9b4adf3-9bff-4fbd-8727-e081ce3b4ee2,Mr. Edwin Nelson Jr Kimball,male,42,1,1,1,0,52.5542,1,0,0,1,1,0,0
,6147bd91-c025-4326-953b-4b9891a103d2,Mr. Edwy Arthur West,male,36,0,2,1,2,27.75,1,0,1,0,0,1,0
,c375a193-84f6-4822-b852-5b213a22c496,Mr. Einar Windelov,male,21,0,3,0,0,7.25,1,0,1,0,0,0,1
,182b7f5e-b51f-4167-8824-f7b2c22db191,Mr. Eino William Lindqvist,male,20,1,3,1,0,7.925,1,0,0,1,0,0,1
,95c2d455-5374-4d6c-ae8f-329267b4cd54,Mr. Eiriik Jussila,male,32,1,3,0,0,7.925,1,0,0,1,0,0,1
,95fa6e18-4b4c-4668-91ef-2c7cb82a3040,Mr. Eliezer Gilinski,male,22,0,3,0,0,8.05,1,0,1,0,0,0,1
,9c4debda-dc26-45d7-b7c4-21555e145320,Mr. Elmer Zebley Taylor,male,48,1,1,1,0,52,1,0,0,1,1,0,0
,64fac8a9-a5db-4433-8219-3009ba556e1f,Mr. Emil Christmann,male,29,0,3,0,0,8.05,1,0,1,0,0,0,1
,49a02682-02ad-4ce2-bd6f-77d63c6a430d,Mr. Emil Taussig,male,52,0,1,1,1,79.65,1,0,1,0,1,0,0
,35696003-38d7-42a6-8a39-654ea2dc6447,Mr. Emile Richard,male,23,0,2,0,0,15.0458,1,0,1,0,0,1,0
,dbc88032-7ed0-43c7-846c-0882b757b3d3,Mr. Engelhart Cornelius Ostby,male,65,0,1,0,1,61.9792,1,0,1,0,1,0,0
,52b3aeba-d946-4226-8623-b33d3f3ceac1,Mr. Ennis Hastings Watson,male,19,0,2,0,0,0,1,0,1,0,0,1,0
,cde2780f-c91c-43a9-bdc0-6ac5db5939cf,Mr. Erik Gustaf Collander,male,28,0,2,0,0,13,1,0,1,0,0,1,0
,87d70686-3a3d-4ae8-8384-840e677f8e69,Mr. Erik Johansson,male,22,0,3,0,0,7.7958,1,0,1,0,0,0,1
,9f0da2db-9310-4e4d-ac7b-0ea34a87154b,Mr. Ernest Charles Cann,male,21,0,3,0,0,8.05,1,0,1,0,0,0,1
,b1341137-2b0a-4974-b7af-dc137a2c5d64,Mr. Ernest James Crease,male,19,0,3,0,0,8.1583,1,0,1,0,0,0,1
,8716df74-b4ac-467d-b0d7-9a1e96d39d1e,Mr. Ernest Portage Tomlin,male,30.5,0,3,0,0,8.05,1,0,1,0,0,0,1
,da5238b1-dc27-442b-92f6-a9b2acbe9a75,Mr. Ernesti Arvid Panula,male,16,0,3,4,1,39.6875,1,0,1,0,0,0,1
,d2e93223-1fdc-4bd5-acc6-b00e9b788370,Mr. Ernst Adolf Sjostedt,male,59,0,2,0,0,13.5,1,0,1,0,0,1,0
,4c0e950a-ba6f-4472-96cc-7131a2eb10bb,Mr. Ernst Gilbert Danbom,male,34,0,3,1,1,14.4,1,0,1,0,0,0,1
,e54594f5-64de-4a78-8ead-e97212307b24,Mr. Ernst Ulrik Persson,male,25,1,3,1,0,7.775,1,0,0,1,0,0,1
,2f9217c9-3761-4d6d-a3fd-4ad2122b6a41,Mr. Ernst William Torber,male,44,0,3,0,0,8.05,1,0,1,0,0,0,1
,f091b4f2-08e2-438a-8f26-4068148698a1,Mr. Ervin G Lewy,male,30,0,1,0,0,27.7208,1,0,1,0,1,0,0
,c28e36ba-54cc-44e5-b95b-91a2bfc1f2e6,Mr. Eugene Patrick Daly,male,29,1,3,0,0,7.75,1,0,0,1,0,0,1
,6fd060f9-28e2-4676-ab1d-db367c47569e,Mr. Fahim Leeni,male,22,1,3,0,0,7.225,1,0,0,1,0,0,1
,a6aaa61d-ec56-42ab-8b17-52a0d877c32c,Mr. Fang Lang,male,26,1,3,0,0,56.4958,1,0,0,1,0,0,1
,1946d22e-2ee0-4772-bd92-a7f6faa4b07e,Mr. Fared Kassem,male,18,0,3,0,0,7.2292,1,0,1,0,0,0,1
,4db29726-34bb-4384-a643-da303d232658,Mr. Farred Chehab Emir,male,26,0,3,0,0,7.225,1,0,1,0,0,0,1
,ec2b042a-9066-423c-8c40-e21cdcaf2dda,Mr. Fletcher Fellows Williams-Lambert,male,43,0,1,0,0,35,1,0,1,0,1,0,0
,560efaf1-1a41-44a7-97e1-0fd2ee1a5618,Mr. Francesco Celotti,male,24,0,3,0,0,8.05,1,0,1,0,0,0,1
,6ee56093-8f9a-4dba-88f1-0173abf4404f,Mr. Francis Davis Millet,male,65,0,1,0,0,26.55,1,0,1,0,1,0,0
,a4f5546d-7743-48d6-99f6-135254ab4ea3,Mr. Francis Parkes,male,21,0,2,0,0,0,1,0,1,0,0,1,0
,a265ac14-8bc5-447d-b5a9-dccc77440772,Mr. Francis William Somerton,male,30,0,3,0,0,8.05,1,0,1,0,0,0,1
,28eb12f7-369c-4ea3-8df5-3db10a00fdb7,Mr. Francisco M Carrau,male,28,0,1,0,0,47.1,1,0,1,0,1,0,0
,455c4205-2311-4b8c-84d1-4f8bc8ed2309,Mr. Frank Duane,male,65,0,3,0,0,7.75,1,0,1,0,0,0,1
,f38b7b7f-6744-4ca7-9b38-d66f6ae829f8,Mr. Frank John Goldsmith,male,33,0,3,1,1,20.525,1,0,1,0,0,0,1
,c170a339-112d-48fd-808e-cc07c4a3129e,Mr. Frans Olof Carlsson,male,33,0,1,0,0,5,1,0,1,0,1,0,0
,64358656-63af-438f-87ff-bf9d707d2ca3,Mr. Frederic Kimber Seward,male,34,1,1,0,0,26.55,1,0,0,1,1,0,0
,216e0703-9b2e-4f8b-991a-e7f4de806b9d,Mr. Frederick Charles Sawyer,male,24.5,0,3,0,0,8.05,1,0,1,0,0,0,1
,23fc3108-1585-419a-8596-749683294f8b,Mr. Frederick Edward Giles,male,21,0,2,1,0,11.5,1,0,1,0,0,1,0
,42ceed6e-4766-4289-8857-3630fd2e3136,Mr. Frederick James Banfield,male,28,0,2,0,0,10.5,1,0,1,0,0,1,0
,88fbb9c7-64bc-4284-b578-64baef8767a3,Mr. Frederick Maxfield Hoyt,male,38,1,1,1,0,90,1,0,0,1,1,0,0
,b8e7d532-8e21-4252-b874-d2e982120d15,Mr. Frederick Sage,male,17,0,3,8,2,69.55,1,0,1,0,0,0,1
,338b0e5d-95ca-4ceb-aee4-be80be977ae2,Mr. Frederick Sutton,male,61,0,1,0,0,32.3208,1,0,1,0,1,0,0
,a1d5adb8-e190-4c70-b9f6-a09285ff0fd4,Mr. Frederick William Pengelly,male,19,0,2,0,0,10.5,1,0,1,0,0,1,0
,ff8715ae-091b-458a-bafb-f43b9ec33d39,Mr. Frederick William Shellard,male,55,0,3,0,0,15.1,1,0,1,0,0,0,1
,4d0e4ce4-7e60-43db-a6a1-fccf437f9f12,Mr. Fridtjof Arne Madsen,male,24,1,3,0,0,7.1417,1,0,0,1,0,0,1
,edb6eeb2-489d-4fc1-9668-97e6ef8ce9b8,Mr. George Achilles Harder,male,25,1,1,1,0,55.4417,1,0,0,1,1,0,0
,7c271326-0849-4a28-a9b3-3a6cf3054339,Mr. George B Goldschmidt,male,71,0,1,0,0,34.6542,1,0,1,0,1,0,0
,2e4a66aa-b442-4f88-be77-e755be7ad504,Mr. George Bradley,male,37,1,1,0,0,26.55,1,0,0,1,1,0,0
,86b6741a-1453-47ba-aaad-b3cac8c13d69,Mr. George Edward Graham,male,38,0,1,0,1,153.4625,1,0,1,0,1,0,0
,99a9571e-5960-4e14-a71b-49e94dde1ca9,Mr. George Floyd Eitemiller,male,23,0,2,0,0,13,1,0,1,0,0,1,0
,4c31a6df-8ba0-4d65-be9b-7fd6092e6146,Mr. George Harris,male,62,1,2,0,0,10.5,1,0,0,1,0,1,0
,7c8064a1-a2ca-4f24-9c09-ca68a151d4f8,Mr. George Henry Green,male,51,0,3,0,0,8.05,1,0,1,0,0,0,1
,ffe0bb02-595f-4427-893a-1c20f875975f,Mr. George Henry Hunt,male,33,0,2,0,0,12.275,1,0,1,0,0,1,0
,337e91c4-955b-4f18-b906-1ad66e34eff8,Mr. George John Jr Sage,male,20,0,3,8,2,69.55,1,0,1,0,0,0,1
,a33d8b42-4d91-44be-913c-0220270b9df3,Mr. George Patchett,male,19,0,3,0,0,14.5,1,0,1,0,0,0,1
,e23210d8-1bc5-45bd-b014-0a8914016e00,Mr. George Quincy Clifford,male,40,0,1,0,0,52,1,0,1,0,1,0,0
,b2b7b2da-7969-433a-b54d-c345de88f141,Mr. George Wright,male,62,0,1,0,0,26.55,1,0,1,0,1,0,0
,004ddbaa-c46b-4662-9385-b3c8add9f2d3,Mr. Gerious Youseff,male,45.5,0,3,0,0,7.225,1,0,1,0,0,0,1
,862a18c0-f6e2-493f-8cc5-a790eea82895,Mr. Gerious Yousseff,male,26,0,3,0,0,14.4583,1,0,1,0,0,0,1
,874fecd3-9b5c-4a29-b184-aaab55b9ba69,Mr. Guentcho Bostandyeff,male,26,0,3,0,0,7.8958,1,0,1,0,0,0,1
,2b19f57c-3107-40fd-bf2c-7b9323dc0dea,Mr. Gurshon Cohen,male,18,1,3,0,0,8.05,1,0,0,1,0,0,1
,c468d752-f0a5-475c-81ca-4806095e478c,Mr. Gustaf Hjalmar Edvardsson,male,18,0,3,0,0,7.775,1,0,1,0,0,0,1
,2f18f2ab-25eb-49b0-8f45-c3f22209a582,Mr. Gustaf Joel Johansson,male,33,0,3,0,0,8.6542,1,0,1,0,0,0,1
,f3a1e69b-ad41-4dea-b746-351a0404d389,Mr. Gustave J Lesurer,male,35,1,1,0,0,512.3292,1,0,0,1,1,0,0
,d18f1157-f4cb-46c8-a9b3-b0ffae81e0f0,Mr. Hammad Hassab,male,27,1,1,0,0,76.7292,1,0,0,1,1,0,0
,d64070b9-225d-41bc-b52c-6e568caebe63,Mr. Hanna Assi Barah,male,20,1,3,0,0,7.2292,1,0,0,1,0,0,1
,cd8734cd-a5b6-4b4d-8429-959b47729448,Mr. Hanna Boulos,male,18,0,3,0,0,7.225,1,0,1,0,0,0,1
,420e42bf-02bb-41b4-959a-b76f984f05c7,Mr. Hanna Mamee,male,18,1,3,0,0,7.2292,1,0,0,1,0,0,1
,26d08fc7-ef02-4563-849b-29da81407234,Mr. Hans Kristensen Givard,male,30,0,2,0,0,13,1,0,1,0,0,1,0
,0284b60f-18ca-499b-89fc-e749416409ca,Mr. Hans Linus Eklund,male,16,0,3,0,0,7.775,1,0,1,0,0,0,1
,fa0f3212-d4dd-4769-9c40-a59546e758c5,Mr. Hans Martin Monsen Birkeland,male,21,0,3,0,0,7.775,1,0,1,0,0,0,1
,b84b43ea-0d3f-4ac8-b7ab-e0810786667b,Mr. Hans Peder Jensen,male,20,0,3,0,0,7.8542,1,0,1,0,0,0,1
,74fec341-deb5-4b30-a1dd-b8964a9ccd62,Mr. Harry Anderson,male,48,1,1,0,0,26.55,1,0,0,1,1,0,0
,1dfe1807-000d-43a5-aeea-ae8b2d4895f9,Mr. Harry Corn,male,30,0,3,0,0,8.05,1,0,1,0,0,0,1
,577a5a45-8265-44e5-87fa-ccdd3d72e91c,Mr. Harry Elkins Widener,male,27,0,1,0,2,211.5,1,0,1,0,1,0,0
,b9c09f66-9499-401c-920d-f9543ef58b5f,Mr. Harry Homer,male,35,1,1,0,0,26.55,1,0,0,1,1,0,0
,fd194a2c-ce39-48d2-9c9c-d22fa26d6dbd,Mr. Harry Markland Molson,male,55,0,1,0,0,30.5,1,0,1,0,1,0,0
,2d91ac68-6c1a-4179-bf0a-c560d9913227,Mr. Harvey Collyer,male,31,0,2,1,1,26.25,1,0,1,0,0,1,0
,6129e729-42f3-40a0-a95d-b87ee6a80fec,Mr. Henrik Juul Hansen,male,26,0,3,1,0,7.8542,1,0,1,0,0,0,1
,a91c7413-9d32-43e1-9e24-acec1398f68d,Mr. Henry Birkhardt Harris,male,45,0,1,1,0,83.475,1,0,1,0,1,0,0
,8dc94ef2-8fe2-4904-92ff-c55f6ea4489f,Mr. Henry Blank,male,40,1,1,0,0,31,1,0,0,1,1,0,0
,17c5dcbb-25d4-4da9-8623-87ae128bf194,Mr. Henry Damsgaard Hansen,male,21,0,3,0,0,7.8542,1,0,1,0,0,0,1
,120aee83-9e88-465f-9c15-8d53a8cf60ac,Mr. Henry Hart,male,27,0,3,0,0,6.8583,1,0,1,0,0,0,1
,14167ad6-9793-454e-9e5e-6b6149f88db4,Mr. Henry Jr Sutehall,male,25,0,3,0,0,7.05,1,0,1,0,0,0,1
,f2fce3f6-4d75-440e-b7a5-419ba4916b08,Mr. Henry Margido Olsen,male,28,0,3,0,0,22.525,1,0,1,0,0,0,1
,a05c4f5d-8a20-45af-b4ca-99dab0ef6b17,Mr. Henry Michael Mitchell,male,70,0,2,0,0,10.5,1,0,1,0,0,1,0
,4019db5e-6859-4674-baa3-d27e6fe29000,Mr. Henry Price Hodges,male,50,0,2,0,0,13,1,0,1,0,0,1,0
,4756c7b7-8469-40eb-97ba-5c021437d294,Mr. Henry Samuel Morley,male,39,0,2,0,0,26,1,0,1,0,0,1,0
,efaec3ca-daa4-4f59-b1b5-15e48ecc1de4,Mr. Henry Sleeper Harper,male,48,1,1,1,0,76.7292,1,0,0,1,1,0,0
,36871199-7ab9-45bc-ae4c-732fec0d7607,Mr. Herbert Fuller Chaffee,male,46,0,1,1,0,61.175,1,0,1,0,1,0,0
,2b3230be-dbaa-4420-9820-5108c697fbc1,Mr. Herman Klaber,male,41,0,1,0,0,26.55,1,0,1,0,1,0,0
,6f5dedbb-7acc-477a-a5c6-23229bf088f7,Mr. Houssein G N Hassan,male,11,0,3,0,0,18.7875,1,0,1,0,0,0,1
,87c25fc9-c124-43cd-9745-766fbadd6ac6,Mr. Howard Hugh Williams,male,28,0,3,0,0,8.05,1,0,1,0,0,0,1
,206cbce0-431b-4d51-845a-607522bb65a2,Mr. Hugh Roscoe Rood,male,39,0,1,0,0,50,1,0,1,0,1,0,0
,c9bb4e36-e286-4916-bc19-f5ce2b431204,Mr. Hugh Woolner,male,46,1,1,0,0,35.5,1,0,0,1,1,0,0
,875ac908-3eec-4945-a85b-158de5099ebb,Mr. Husein Sivic,male,40,0,3,0,0,7.8958,1,0,1,0,0,0,1
,ddad38f7-161f-4e37-b65c-c384130f2cc9,Mr. Ignjac Hendekovic,male,28,0,3,0,0,7.8958,1,0,1,0,0,0,1
,003055ae-6c29-4a6a-a60b-eb88d4ca3842,Mr. Iisakki Antino Aijo Nirva,male,41,0,3,0,0,7.125,1,0,1,0,0,0,1
,69e46699-64d9-4a18-8408-ae0f51b00be1,Mr. Ilia Stoytcheff,male,19,0,3,0,0,7.8958,1,0,1,0,0,0,1
,2122b696-e73a-4644-a846-555d551bf2fe,Mr. Ilmari Rudolf Alhomaki,male,20,0,3,0,0,7.925,1,0,1,0,0,0,1
,d09e9f2d-ebb6-486d-ae0d-9e27e8ba16f2,Mr. Ingvald Olai Olsen Hagland,male,28,0,3,1,0,19.9667,1,0,1,0,0,0,1
,a371341a-f14f-4802-93b9-be4580bcc592,Mr. Ivan Jalsevac,male,29,1,3,0,0,7.8958,1,0,0,1,0,0,1
,5ca11476-e7fd-4022-8691-904a2e0b6eef,Mr. Ivan Mineff,male,24,0,3,0,0,7.8958,1,0,1,0,0,0,1
,355cf883-b5dd-41e5-b731-786958789fb1,Mr. Ivan Staneff,male,23,0,3,0,0,7.8958,1,0,1,0,0,0,1
,cc92645c-dc8f-4eaf-bb52-fccd3e5239e3,Mr. Ivan Stankovic,male,33,0,3,0,0,8.6625,1,0,1,0,0,0,1
,338a8cc7-b4c7-4113-80b5-59c711a03971,Mr. Jaako Arnold Panula,male,14,0,3,4,1,39.6875,1,0,1,0,0,0,1
,ab6a7743-5f4d-4a8f-b46f-8baf10a22da5,Mr. Jacob Christian Milling,male,48,0,2,0,0,13,1,0,1,0,0,1,0
,c5b3a916-c32f-403c-9720-712362d7db29,Mr. Jacob Cook,male,43,0,3,0,0,8.05,1,0,1,0,0,0,1
,c83688c5-f49c-4a91-8288-79c0ed9ac831,Mr. Jacques Heath Futrelle,male,37,0,1,1,0,53.1,1,0,1,0,1,0,0
,90220b3b-07c8-4fb2-910f-45d206093438,Mr. Jakob Alfred Johanson,male,34,0,3,0,0,6.4958,1,0,1,0,0,0,1
,7360ff99-235c-4925-97b5-3a00dd73516f,Mr. Jakob Alfred Wiklund,male,18,0,3,1,0,6.4958,1,0,1,0,0,0,1
,b911b604-fec4-4681-9e84-d478c1a0ff0a,Mr. Jakob Pasic,male,21,0,3,0,0,8.6625,1,0,1,0,0,0,1
,b8918afc-60a8-451f-b5b0-333bb2657515,Mr. James Clinch Smith,male,56,0,1,0,0,30.6958,1,0,1,0,1,0,0
,7e1fd783-aecb-4f06-8f51-b53664f721d9,Mr. James Farrell,male,40.5,0,3,0,0,7.75,1,0,1,0,0,0,1
,ef5cb189-19fc-4879-bd0f-8471dacab750,Mr. James Flynn,male,28,0,3,0,0,7.75,1,0,1,0,0,0,1
,471a6f0e-ae41-4737-accc-e80846392c1f,Mr. James George Reed,male,18,0,3,0,0,7.25,1,0,1,0,0,0,1
,97087b71-8250-4eb7-8897-0e1cd99ecf6d,Mr. James H Bracken,male,27,0,2,0,0,13,1,0,1,0,0,1,0
,0ddc6e07-7330-40ce-80e9-947392d62b2d,Mr. James Kelly,male,44,0,3,0,0,8.05,1,0,1,0,0,0,1
,60961bf2-f955-4643-92e5-07205565794e,Mr. James Lester,male,39,0,3,0,0,24.15,1,0,1,0,0,0,1
,c343f5f0-3522-41f3-9afc-00aa9d536f4a,Mr. James Moran,male,27,0,3,0,0,8.4583,1,0,1,0,0,0,1
,1b5d6384-d703-490c-8b16-15b0bb5b1bfb,Mr. James Robert McGough,male,36,1,1,0,0,26.2875,1,0,0,1,1,0,0
,e3965e53-a3ec-4cd7-b489-8524cd7795d3,Mr. James Scanlan,male,22,0,3,0,0,7.725,1,0,1,0,0,0,1
,c0e7c72b-6c62-4e26-9489-522a9d5eb000,Mr. James Webber,male,66,0,3,0,0,8.05,1,0,1,0,0,0,1
,d6780a83-47d1-4eeb-ae2e-b2e7fbfb4849,Mr. Jan Baptist Sheerlinck,male,29,1,3,0,0,9.5,1,0,0,1,0,0,1
,7d6131f3-d1e2-4c05-9ce7-3574a1f4697b,Mr. Janko Vovk,male,22,0,3,0,0,7.8958,1,0,1,0,0,0,1
,73cb92f6-2e29-4ca1-924a-f2d4e2665d0f,Mr. Jean Baptiste Van Impe,male,36,0,3,1,1,24.15,1,0,1,0,0,0,1
,19108a59-423a-461e-8a51-fe765f31b782,Mr. Jeremiah Burke,male,19,0,3,0,0,6.75,1,0,1,0,0,0,1
,188388b7-90e9-48a2-8f8d-9efedf4ede7e,Mr. Jeso Culumovic,male,17,0,3,0,0,8.6625,1,0,1,0,0,0,1
,1f57ecd9-9ff7-4a85-b688-d555b57bcbc2,Mr. Johan Birger Gustafsson,male,28,0,3,2,0,7.925,1,0,1,0,0,0,1
,535552fc-7b94-4e78-88fa-8455ec4b5c0e,Mr. Johan Ekstrom,male,45,0,3,0,0,6.975,1,0,1,0,0,0,1
,2c7b8fe7-8cfd-47eb-86e8-6cefc9171578,Mr. Johan Emil Petterson,male,25,0,3,1,0,7.775,1,0,1,0,0,0,1
,e8bae53a-e46b-4804-9b96-2e74e374786f,Mr. Johan Hansen Nysveen,male,61,0,3,0,0,6.2375,1,0,1,0,0,0,1
,0fed86b5-b77d-402a-bad9-4a7144dbc8c8,Mr. Johan Henrik Johannesson Kvillner,male,31,0,2,0,0,10.5,1,0,1,0,0,1,0
,b9bbb29d-73a0-4bf3-b1d1-6ea8d3342462,Mr. Johan Julian Sundman,male,44,1,3,0,0,7.925,1,0,0,1,0,0,1
,df2b4539-403e-4f02-b878-7637bfcd3fd9,Mr. Johan Svensson,male,74,0,3,0,0,7.775,1,0,1,0,0,0,1
,44546965-20b0-4057-ac40-2de8a6b9d4f2,Mr. Johan Svensson Lundahl,male,51,0,3,0,0,7.0542,1,0,1,0,0,0,1
,b734ce7b-bd42-411f-88a9-421aef0e8cdc,Mr. Johan Werner Salonen,male,39,0,3,0,0,7.925,1,0,1,0,0,0,1
,8605900e-fec5-4581-9d45-3f3efa27510f,Mr. Johann Markun,male,33,0,3,0,0,7.8958,1,0,1,0,0,0,1
,53a678ef-3872-4b0f-8ed4-bc4db85a1f90,Mr. Johannes Halvorsen Kalvik,male,21,0,3,0,0,8.4333,1,0,1,0,0,0,1
,9786d843-0efe-40c4-9a96-e49e9bb6aae0,Mr. Johannes Joseph Vande Velde,male,33,0,3,0,0,9.5,1,0,1,0,0,0,1
,1e2677cf-f687-4e20-8aef-c7fe90c35240,Mr. John Adams,male,26,0,3,0,0,8.05,1,0,1,0,0,0,1
,c52d2a95-f8e4-4c80-97eb-fa84c78f29a6,Mr. John Borland Jr Thayer,male,17,1,1,0,2,110.8833,1,0,0,1,1,0,0
,01a02420-eef1-47ba-b252-b7385491ca8a,Mr. John Borland Thayer,male,49,0,1,1,1,110.8833,1,0,1,0,1,0,0
,ffcab094-c15e-495c-ac70-b67ebf0f6c2b,Mr. John Bourke,male,40,0,3,1,1,15.5,1,0,1,0,0,0,1
,5c89e0b0-7d24-46d6-b056-1c14e23b7568,Mr. John D Baumann,male,60,0,1,0,0,25.925,1,0,1,0,1,0,0
,ff25153d-8f81-4f12-9514-264509951637,Mr. John Denzil Jarvis,male,47,0,2,0,0,15,1,0,1,0,0,1,0
,70f1d66e-09e2-4ff9-8703-807cf7e4764e,Mr. John Farthing,male,49,0,1,0,0,221.7792,1,0,1,0,1,0,0
,8b87815d-051b-4104-a98e-2f4d03210b35,Mr. John Flynn,male,36,0,3,0,0,6.95,1,0,1,0,0,0,1
,f5506f17-b7ba-47c5-9f67-815bc0dff057,Mr. John Fredrik Alexander Holm,male,43,0,3,0,0,6.45,1,0,1,0,0,0,1
,88d25e65-ee07-4875-a5f7-1ee8bb87d9c4,Mr. John Garfirth,male,23,0,3,0,0,14.5,1,0,1,0,0,0,1
,7a981426-c453-42ed-b412-3be08cf68c9f,Mr. John Hall Lovell,male,20.5,0,3,0,0,7.25,1,0,1,0,0,0,1
,2e41cd8d-de8e-4dc9-8527-19b66a323feb,Mr. John Hatfield Cribb,male,44,0,3,0,1,16.1,1,0,1,0,0,0,1
,3dfe59c0-b16e-4832-a67a-5f252a779a46,Mr. John Henry Chapman,male,37,0,2,1,0,26,1,0,1,0,0,1,0
,b7e36f2c-ca4f-4b09-bf12-a82120cb8b40,Mr. John Henry Perkin,male,22,0,3,0,0,7.25,1,0,1,0,0,0,1
,fc143599-067f-4ed5-8ada-9c0ab6b97a0e,Mr. John Horgan,male,22,0,3,0,0,7.75,1,0,1,0,0,0,1
,2adea838-6395-47d4-9ff8-7c8ede1fa017,Mr. John Hugo Ross,male,36,0,1,0,0,40.125,1,0,1,0,1,0,0
,2c8f0abe-dd6c-4c2c-95cf-efdf25dc7bb8,Mr. John Irwin Flynn,male,36,1,1,0,0,26.3875,1,0,0,1,1,0,0
,b3c39e81-7ff1-441e-8562-adbdabdbc635,Mr. John Montgomery Smart,male,56,0,1,0,0,26.55,1,0,1,0,1,0,0
,4cded11a-251f-4bd2-bbf1-8ebbe70cd199,Mr. John Simmons,male,40,0,3,0,0,8.05,1,0,1,0,0,0,1
,efd98f8d-f90c-421b-9793-fc40ae750615,Mr. John Viktor Bengtsson,male,26,0,3,0,0,7.775,1,0,1,0,0,0,1
,278e8936-7d24-449d-8be0-0038669adc7b,Mr. John William Gill,male,24,0,2,0,0,13,1,0,1,0,0,1,0
,67ea39be-6eda-4e03-b3ef-90d1e82df72a,Mr. Jose Neto Jardin,male,21,0,3,0,0,7.05,1,0,1,0,0,0,1
,d2458aea-f16e-4d0e-9b3e-6dd2f8bd0d42,Mr. Josef Arnold-Franchi,male,25,0,3,1,0,17.8,1,0,1,0,0,0,1
,ec59f3fd-8c13-4e36-a64f-5e3ffcdc8b1d,Mr. Joseph Charles Nicholls,male,19,0,2,1,1,36.75,1,0,1,0,0,1,0
,ae0374d0-a0e7-45ea-ab46-6e07133267db,Mr. Joseph J Fynney,male,35,0,2,0,0,26,1,0,1,0,0,1,0
,74cfbfa5-3c73-41d0-9306-e3becc4cb0d5,Mr. Joseph Jr Elias,male,17,0,3,1,1,7.2292,1,0,1,0,0,0,1
,d3092a3e-c486-4156-94dc-8b9cd9d0fb6f,Mr. Joseph Murdlin,male,22,0,3,0,0,8.05,1,0,1,0,0,0,1
,e77fe6f7-1319-4e0b-b79c-e7757fe41dcc,Mr. Joseph Peduzzi,male,24,0,3,0,0,8.05,1,0,1,0,0,0,1
,3f15cc9c-9b77-4a7d-bc62-96ae713c74b9,Mr. Joseph Philippe Lemercier Laroche,male,25,0,2,1,2,41.5792,1,0,1,0,0,1,0
,df38068b-e0bc-46de-8f1f-2a5db98f5a06,Mr. Jovan Dimic,male,42,0,3,0,0,8.6625,1,0,1,0,0,0,1
,04d65aed-031e-4109-ae26-47e802135d83,Mr. Jovo Calic,male,17,0,3,0,0,8.6625,1,0,1,0,0,0,1
,83128b71-4178-4e8b-8c35-0cc4f746a7cd,Mr. Jozef Drazenoic,male,33,0,3,0,0,7.8958,1,0,1,0,0,0,1
,d4922f0a-2960-463a-a495-ced9a8a81f28,Mr. Juha Niskanen,male,39,1,3,0,0,7.925,1,0,0,1,0,0,1
,3c1d4c8c-3db7-416f-b3d4-e22f9aa4736d,Mr. Juho Stranden,male,31,1,3,0,0,7.925,1,0,0,1,0,0,1
,fc9a542d-d4ab-4bd5-b5c8-2b3c5727522b,Mr. Juho Tikkanen,male,32,0,3,0,0,7.925,1,0,1,0,0,0,1
,7c05b5ca-cebd-4704-b520-75c841342cfb,Mr. Julian Padro y Manent,male,27,1,2,0,0,13.8625,1,0,0,1,0,1,0
,297f931e-124f-4861-99c1-f835f262ad32,Mr. Kanio Ivanoff,male,20,0,3,0,0,7.8958,1,0,1,0,0,0,1
,88bf78d1-5f49-44c3-acaf-c710a691dbfc,Mr. Karl Alfred Backstrom,male,32,0,3,1,0,15.85,1,0,1,0,0,0,1
,544b3216-526a-4107-9e25-0dbe09301943,Mr. Karl Edwart Dahl,male,45,1,3,0,0,8.05,1,0,0,1,0,0,1
,79af67da-12c1-4e96-b2a8-ee9a8941518c,Mr. Karl Gideon Gustafsson,male,19,0,3,0,0,7.775,1,0,1,0,0,0,1
,ded6c40d-b345-4958-89df-0ac238545a44,Mr. Karl Howell Behr,male,26,1,1,0,0,30,1,0,0,1,1,0,0
,87103c54-fba3-4523-84ec-65cdf5ecc31d,Mr. Karl Ivar Sven Berglund,male,22,0,3,0,0,9.35,1,0,1,0,0,0,1
,80e23220-ede6-445f-b43e-7127a434d416,Mr. Karl Johan Johansson,male,31,0,3,0,0,7.775,1,0,1,0,0,0,1
,9716969a-a1e4-436b-88cd-6f5224b94c2a,Mr. Karl Siegwart Andreas Olsen,male,42,0,3,0,1,8.4042,1,0,1,0,0,0,1
,667d1b9f-cff5-4f9c-9aed-5f2243e0d973,Mr. Khalil Saad,male,25,0,3,0,0,7.225,1,0,1,0,0,0,1
,71c22aa9-a136-4fc4-b73b-5eca288c7ee7,Mr. Klas Albin Klasen,male,18,0,3,1,1,7.8542,1,0,1,0,0,0,1
,756dbf6d-bb8b-4857-aee9-524b062d8b58,Mr. Knud Paust Rommetvedt,male,49,0,3,0,0,7.775,1,0,1,0,0,0,1
,42d307b1-d7df-4acf-a187-29c3fd728657,Mr. Konrad Mathias Reiersen Hagland,male,19,0,3,1,0,19.9667,1,0,1,0,0,0,1
,dbba4702-99ab-4158-a713-384fa67dd34b,Mr. Kristo Laleff,male,23,0,3,0,0,7.8958,1,0,1,0,0,0,1
,a5fc832d-7049-4a03-a237-bc14efd71bc4,Mr. Kurt Arnold Gottfrid Bryhl,male,25,0,2,1,0,26,1,0,1,0,0,1,0
,a05e984a-d4f3-49b8-af3e-928786697ff8,Mr. Lalio Jonkoff,male,23,0,3,0,0,7.8958,1,0,1,0,0,0,1
,25086105-ee71-479a-8ccd-ed761645212b,Mr. Lalio Todoroff,male,23,0,3,0,0,7.8958,1,0,1,0,0,0,1
,2a65cc7d-9322-4fec-afdc-a5eaa8e99f00,Mr. Lawrence Beesley,male,34,1,2,0,0,13,1,0,0,1,0,1,0
,bde4ccf3-e52c-4a2e-b7d4-1d81bce9b1f6,Mr. Lawrence Gavey,male,26,0,2,0,0,10.5,1,0,1,0,0,1,0
,6812dc59-52e1-4950-a2a5-97883596dc16,Mr. Lee Bing,male,32,1,3,0,0,56.4958,1,0,0,1,0,0,1
,5fd71906-85d7-4c33-be5e-15fab2379e55,Mr. Lee Ling,male,28,0,3,0,0,56.4958,1,0,1,0,0,0,1
,7ba87d72-31d1-4ef8-af69-27429236e1dc,Mr. Len Lam,male,23,0,3,0,0,56.4958,1,0,1,0,0,0,1
,a85a593f-ab6b-4fbf-b6ca-6f6878ae6923,Mr. Leo Edmondus Vander Planke,male,16,0,3,2,0,18,1,0,1,0,0,0,1
,6375ecce-15e1-45ab-bf3b-ab1d447da735,Mr. Leo Peter Vanden Steen,male,28,0,3,0,0,9.5,1,0,1,0,0,0,1
,7943a475-39a8-4cc6-8d32-018928d3b364,Mr. Leo Zimmerman,male,29,0,3,0,0,7.875,1,0,1,0,0,0,1
,e75999c3-152a-41df-943c-4accc0dd5ac3,Mr. Leon Hampe,male,20,0,3,0,0,9.5,1,0,1,0,0,0,1
,5131ff96-1fd0-4fd3-8132-0c0ad2eb353f,Mr. Leonard Charles Moore,male,19,0,3,0,0,8.05,1,0,1,0,0,0,1
,02a2e883-33dc-4b4b-a675-e9ef17e2f184,Mr. Leonard Mark Hickman,male,24,0,2,2,0,73.5,1,0,1,0,0,1,0
,890c0ac9-a518-4fb1-b946-2a9eb2ee417e,Mr. Leslie Williams,male,28.5,0,3,0,0,16.1,1,0,1,0,0,0,1
,c221612f-5334-484e-a90d-d009725fb95e,Mr. Lewis Hickman,male,32,0,2,2,0,73.5,1,0,1,0,0,1,0
,3f1e6f92-3bec-430d-aef6-ae9aa617814f,Mr. Lewis Richard Braund,male,29,0,3,1,0,7.0458,1,0,1,0,0,0,1
,783c8d43-2061-4e54-90b0-ca14559841bb,Mr. Lionel Leonard,male,36,0,3,0,0,0,1,0,1,0,0,0,1
,083ed156-c781-4752-9fb8-aa37b6f9cce3,Mr. Liudevit Cor,male,19,0,3,0,0,7.8958,1,0,1,0,0,0,1
,5298f953-7f83-4400-b1e9-73530335efe9,Mr. Luka Cacic,male,38,0,3,0,0,8.6625,1,0,1,0,0,0,1
,39ffd0a9-debe-4fed-85e3-48f7cb32eae2,Mr. Luka Oreskovic,male,20,0,3,0,0,8.6625,1,0,1,0,0,0,1
,783cd2e5-a4e0-4c1c-97ba-5d7375fba997,Mr. Malkolm Joackim Johnson,male,33,0,3,0,0,7.775,1,0,1,0,0,0,1
,6471569d-f6b9-4f67-bc7a-a96a593949b5,Mr. Mansouer Novel,male,28.5,0,3,0,0,7.2292,1,0,1,0,0,0,1
,9e7ad229-0245-4f67-b5d0-906870849f11,Mr. Mansour Hanna,male,23.5,0,3,0,0,7.2292,1,0,1,0,0,0,1
,1606f142-c2cf-4678-b07b-ad9a8d2471c3,Mr. Manuel Estanslas Goncalves,male,38,0,3,0,0,7.05,1,0,1,0,0,0,1
,82be2440-245b-4608-bca2-80762d834797,Mr. Marin Markoff,male,35,0,3,0,0,7.8958,1,0,1,0,0,0,1
,d6564897-f281-4c75-b6e9-aee592aed5ac,Mr. Mark Fortune,male,64,0,1,1,4,263,1,0,1,0,1,0,0
,3bf517eb-95f4-4903-957e-37e65253b014,Mr. Martin Gallagher,male,25,0,3,0,0,7.7417,1,0,1,0,0,0,1
,5d1983ce-359e-4eee-85fd-7cbceceba208,Mr. Martin McMahon,male,19,0,3,0,0,7.75,1,0,1,0,0,0,1
,0d523a6a-18be-49eb-960c-b3c63e45f3a2,Mr. Martin Ponesell,male,34,0,2,0,0,13,1,0,1,0,0,1,0
,eecd6a70-d8ff-4b8c-97d4-5eec78b60917,Mr. Masabumi Hosono,male,42,1,2,0,0,13,1,0,0,1,0,1,0
,32162a07-0bac-4a93-a699-a420bcfff09d,Mr. Matthew Sadlier,male,19,0,3,0,0,7.7292,1,0,1,0,0,0,1
,b9353221-cde9-405e-a72b-3e4ead53226c,Mr. Matti Alexanteri Maenpaa,male,22,0,3,0,0,7.125,1,0,1,0,0,0,1
,c1b94c44-26d1-44d9-a047-df7e65236de7,Mr. Matti Rintamaki,male,35,0,3,0,0,7.125,1,0,1,0,0,0,1
,308df6a2-e3c5-47ca-ac80-d63eb176816f,Mr. Maurice O'Connor,male,17,0,3,0,0,7.75,1,0,1,0,0,0,1
,7804adb5-d1f6-4128-9a25-150a54236e21,Mr. Maurice Sirota,male,20,0,3,0,0,8.05,1,0,1,0,0,0,1
,827d42f5-1eb2-4af4-9781-17bf8f15f4db,Mr. Mauritz Hakan Bjornstrom-Steffansson,male,28,1,1,0,0,26.55,1,0,0,1,1,0,0
,de5ca087-2486-4c24-b0e6-0b9cebd3b201,Mr. Mauritz Nils Martin Adahl,male,30,0,3,0,0,7.25,1,0,1,0,0,0,1
,8e849697-2867-4760-8e8d-8ef7a1ddd513,Mr. Maxmillian Frolicher-Stehli,male,60,1,1,1,1,79.2,1,0,0,1,1,0,0
,e587cf80-a21e-457b-9d94-0a8aabe0e20e,Mr. Michael Connaghton,male,31,0,3,0,0,7.75,1,0,1,0,0,0,1
,40a6ef5f-d825-4e33-8075-0ecd0855b777,Mr. Michel Navratil,male,36.5,0,2,0,2,26,1,0,1,0,0,1,0
,47661dd0-ec39-4a84-bf64-e5d161544723,Mr. Milan Karaic,male,30,0,3,0,0,7.8958,1,0,1,0,0,0,1
,6a67afa8-ea7f-40f6-8af8-9db2127df6b9,Mr. Mile Smiljanic,male,37,0,3,0,0,8.6625,1,0,1,0,0,0,1
,c90bc38b-2262-48bc-a07f-4ee217b231c0,Mr. Milton Clyde Long,male,29,0,1,0,0,30,1,0,1,0,1,0,0
,f75b6b93-da88-4f5e-b837-7928b4a95fc9,Mr. Minko Nankoff,male,32,0,3,0,0,7.8958,1,0,1,0,0,0,1
,20f8ccdc-8c7e-49d2-a270-d047106387dc,Mr. Mito Mitkoff,male,23,0,3,0,0,7.8958,1,0,1,0,0,0,1
,c7569d31-7a54-46ad-b784-42af61cb8262,Mr. Mitto Denkoff,male,30,0,3,0,0,7.8958,1,0,1,0,0,0,1
,8d23ed82-e612-43e9-bb33-33d60c1fd974,Mr. Mohamed Badt,male,40,0,3,0,0,7.225,1,0,1,0,0,0,1
,61fb0425-6aaa-4983-a80b-9731ef24fe13,Mr. Moses Aaron Troupiansky,male,23,0,2,0,0,13,1,0,1,0,0,1,0
,71c26415-3489-4565-9f66-d39f07bf5365,Mr. Nakli Toufik,male,17,0,3,0,0,7.2292,1,0,1,0,0,0,1
,f9016742-f1f1-4153-9d57-5a590d99384e,Mr. Nassef Cassem Albimona,male,26,1,3,0,0,18.7875,1,0,0,1,0,0,1
,d1c3cb96-79fa-4f22-85d7-3eace5978cfb,Mr. Neal McNamee,male,24,0,3,1,0,16.1,1,0,1,0,0,0,1
,d8c913c5-217a-4d95-b130-df626716cd55,Mr. Nedelio Petroff,male,19,0,3,0,0,7.8958,1,0,1,0,0,0,1
,a99492ac-3f3f-4aab-8796-1099fdfb9c56,Mr. Nestor Cyriel Vande Walle,male,28,0,3,0,0,9.5,1,0,1,0,0,0,1
,4a0ff2b1-69ee-4731-bab4-8429a86d4dec,Mr. Nicholas Nasser,male,32.5,0,2,1,0,30.0708,1,0,1,0,0,1,0
,1beebb6a-6c9e-48a0-9aeb-54710c8081d0,Mr. Niels Peder Jensen,male,48,0,3,0,0,7.8542,1,0,1,0,0,0,1
,ab62c870-896d-4136-bf6d-96fbd4de03e4,Mr. Nikola Lulic,male,27,1,3,0,0,8.6625,1,0,0,1,0,0,1
,f8d668d7-950f-4c4c-a039-b1708b2d259c,Mr. Nikolai Erland Kallio,male,17,0,3,0,0,7.125,1,0,1,0,0,0,1
,4052c507-61d3-4ce1-beff-afdf78886748,Mr. Nils August Karlsson,male,22,0,3,0,0,7.5208,1,0,1,0,0,0,1
,3f36f3f0-a8f5-4dff-bc26-d7b1bf3fae2a,Mr. Nils Johan Goransson Olsson,male,28,0,3,0,0,7.8542,1,0,1,0,0,0,1
,08470da6-c138-408d-82b1-0d83fdc847ba,Mr. Nils Martin Odahl,male,23,0,3,0,0,9.225,1,0,1,0,0,0,1
,9501cb4d-0e52-4589-b2a5-2543aef61bf0,Mr. Norman Campbell Chambers,male,27,1,1,1,0,53.1,1,0,0,1,1,0,0
,5d0b87ae-9576-4c8e-a718-1627ade98bcf,Mr. Olaf Elon Osen,male,16,0,3,0,0,9.2167,1,0,1,0,0,0,1
,0942349c-9834-402a-b753-40ad33c18e9e,Mr. Ole Martin Olsen,male,27,0,3,0,0,7.3125,1,0,1,0,0,0,1
,edc76319-7ee1-4dd7-ad7f-de526c8431d3,Mr. Olof Svensson,male,24,0,3,0,0,7.7958,1,0,1,0,0,0,1
,3f360608-8f52-47fb-9231-1359958a1cfa,Mr. Orsen Sirayanian,male,22,0,3,0,0,7.2292,1,0,1,0,0,0,1
,03fa2bd6-b24d-4245-a093-bf8cef89ce80,Mr. Oskar Arvid Hedman,male,27,1,3,0,0,6.975,1,0,0,1,0,0,1
,eb0fe265-cee6-4552-a34d-7e275972fe2a,Mr. Owen George Allum,male,18,0,3,0,0,8.3,1,0,1,0,0,0,1
,12e4901e-6ae4-4ca3-a118-3e9400f57097,Mr. Owen Harris Braund,male,22,0,3,1,0,7.25,1,0,1,0,0,0,1
,c7d38c87-49b6-4f6c-8101-4bab07c96c52,Mr. Pastcho Petroff,male,29,0,3,0,0,7.8958,1,0,1,0,0,0,1
,e4d86336-8076-4f98-b924-952a8450ef72,Mr. Patrick Connors,male,70.5,0,3,0,0,7.75,1,0,1,0,0,0,1
,2bb84ac3-0f12-4433-8e5a-dc013cc2305e,Mr. Patrick D O'Connell,male,18,0,3,0,0,7.7333,1,0,1,0,0,0,1
,35f443b3-3bf1-40d5-8f2a-149f07951f43,Mr. Patrick Dooley,male,32,0,3,0,0,7.75,1,0,1,0,0,0,1
,398f38fa-6e7a-44ef-a6c5-0570bfadcefb,Mr. Patrick Ryan,male,30,0,3,0,0,24.15,1,0,1,0,0,0,1
,8a33bbcb-7858-44ea-a717-fe0865116d62,Mr. Paul Edvin Andreasson,male,20,0,3,0,0,7.8542,1,0,1,0,0,0,1
,1ac9616a-58c4-4137-82a6-59778e49fceb,Mr. Pehr Fabian Oliver Malkolm Myhrman,male,18,0,3,0,0,7.75,1,0,1,0,0,0,1
,17f6d5ce-1f61-431d-b702-b1822d51eb44,Mr. Peju Coleff,male,36,0,3,0,0,7.4958,1,0,1,0,0,0,1
,1243d3cf-c27f-461f-b9d7-96b983509a9b,Mr. Pekka Pietari Hakkarainen,male,28,0,3,1,0,15.85,1,0,1,0,0,0,1
,79849f87-f0e6-441d-9010-513e4f8fb947,Mr. Penko Naidenoff,male,22,0,3,0,0,7.8958,1,0,1,0,0,0,1
,8a643d07-d7eb-489e-ac6f-c8cd5120bbab,Mr. Percival James R Sharp,male,27,0,2,0,0,26,1,0,1,0,0,1,0
,a4034a14-162c-464c-8ebc-59f6b9b02095,Mr. Percival Thorneycroft,male,37,0,3,1,0,16.1,1,0,1,0,0,0,1
,22ae3396-546b-4a79-b795-3751085806e3,Mr. Percival Wayland White,male,54,0,1,0,1,77.2875,1,0,1,0,1,0,0
,dd843b98-2c41-458b-8033-273f650af384,Mr. Percy Andrew Bailey,male,18,0,2,0,0,11.5,1,0,1,0,0,1,0
,e0b0a0ee-7f8e-419c-a129-71a1387569cc,Mr. Petar Calic,male,17,0,3,0,0,8.6625,1,0,1,0,0,0,1
,a42cd3be-03d8-40c2-bad3-f3b7d95b543b,Mr. Petco Slabenoff,male,42,0,3,0,0,7.8958,1,0,1,0,0,0,1
,194f1ffe-7839-4cca-97a4-463db785d3fd,Mr. Peter Andreas Lauritz Andersen Soholt,male,19,0,3,0,0,7.65,1,0,1,0,0,0,1
,a0d5d39a-143a-47b0-ab37-2ff9c5dc66cd,Mr. Peter David McKane,male,46,0,2,0,0,26,1,0,1,0,0,1,0
,046cd446-b018-4bb8-ac12-7cb8d9e70b93,Mr. Peter Denis Daly,male,51,1,1,0,0,26.55,1,0,0,1,1,0,0
,9805e019-54a6-4ad1-ae99-c60592c5bb03,Mr. Peter Henry Renouf,male,34,0,2,1,0,21,1,0,1,0,0,1,0
,964495ca-c7fa-4ca2-a1c4-121b3c44329c,Mr. Peter L Lemberopolous,male,34.5,0,3,0,0,6.4375,1,0,1,0,0,0,1
,280b1745-deda-4c24-9916-95cd464e5ecc,Mr. Philemon van Melkebeke,male,23,0,3,0,0,9.5,1,0,1,0,0,0,1
,cb613930-293a-4d3a-a80f-6c795d7b536a,Mr. Philip Kiernan,male,22,0,3,1,0,7.75,1,0,1,0,0,0,1
,197d3615-0d8a-44ae-b9c2-3d58a82127cc,Mr. Phillippe Wiseman,male,54,0,3,0,0,7.25,1,0,1,0,0,0,1
,b3a8d670-4a26-4a93-ace5-2c7defce3853,Mr. Pierre Marechal,male,29,1,1,0,0,29.7,1,0,0,1,1,0,0
,bd449758-9984-44c1-b0b0-c2acb27cf79d,Mr. Quigg Edmond Baxter,male,24,0,1,0,1,247.5208,1,0,1,0,1,0,0
,b4bb1095-aa5b-43e3-8d5e-a8acde2e18c6,Mr. Rahamin Haim Moutal,male,28,0,3,0,0,8.05,1,0,1,0,0,0,1
,c20f6c54-5f19-4f3c-b28f-fe8cfad130f8,Mr. Raihed Razi,male,30,0,3,0,0,7.2292,1,0,1,0,0,0,1
,848e35c6-a019-48da-b9d5-f95eea2c5a21,Mr. Ramon Artagaveytia,male,71,0,1,0,0,49.5042,1,0,1,0,1,0,0
,6ab3cc64-4e80-4496-83df-8e3794e850ff,Mr. Reginald Charles Coleridge,male,29,0,2,0,0,10.5,1,0,1,0,0,1,0
,11aacc1c-63e7-4fac-b4b3-8bd4c1417b75,Mr. Reginald Fenton Butler,male,25,0,2,0,0,13,1,0,1,0,0,1,0
,0fc7a963-a752-4d7b-8833-ab7121a21111,Mr. Reginald Hale,male,30,0,2,0,0,13,1,0,1,0,0,1,0
,4b407b0c-e195-4450-a7ff-eff4563fd6ed,Mr. Rene Aime Lievens,male,24,0,3,0,0,9.5,1,0,1,0,0,0,1
,40799afd-316f-4493-a65b-1cd60f1e1ee7,Mr. Rene Jacques Levy,male,36,0,2,0,0,12.875,1,0,1,0,0,1,0
,7761a3b2-f00a-4dd7-b9c8-c460eff2967e,Mr. Rene Pernot,male,39,0,2,0,0,15.05,1,0,1,0,0,1,0
,139e530b-3a0e-45c9-bcba-725250efb614,Mr. Richard Cater Nosworthy,male,21,0,3,0,0,7.8,1,0,1,0,0,0,1
,2f5192dd-af46-4571-82e0-4c2940de7aeb,Mr. Richard Frasar White,male,21,0,1,0,1,77.2875,1,0,1,0,1,0,0
,c8a888d3-0986-479b-908f-5adecd32f19a,Mr. Richard Fry,male,39,0,1,0,0,0,1,0,1,0,1,0,0
,ead0a4ab-9d2d-4550-88ff-a51b7399e8fb,Mr. Richard George Hocking,male,23,0,2,2,1,11.5,1,0,1,0,0,1,0
,2f2c932d-94e2-4772-9c36-61c6bb7cec41,Mr. Richard Henry Rouse,male,50,0,3,0,0,8.05,1,0,1,0,0,0,1
,ff95929b-6005-43c8-86ff-0268096ca275,Mr. Richard James Slemen,male,35,0,2,0,0,10.5,1,0,1,0,0,1,0
,7ea6e7c2-4ae9-4da5-96f3-de57d71f3a4d,Mr. Richard Leonard Beckwith,male,37,1,1,1,1,52.5542,1,0,0,1,1,0,0
,04c3969d-4c99-437f-a6be-53a089363988,Mr. Richard Otter,male,39,0,2,0,0,13,1,0,1,0,0,1,0
,7f320d30-3609-4cc6-907b-19daab923d59,Mr. Richard William Smith,male,57,0,1,0,0,26,1,0,1,0,1,0,0
,4ca82f63-6f33-44af-af16-153f2256fbdd,Mr. Ristiu Dantcheff,male,25,0,3,0,0,7.8958,1,0,1,0,0,0,1
,39a3f04b-5dc2-4503-a328-b3aa68ed3d8c,Mr. Robert Douglas Norman,male,28,0,2,0,0,13.5,1,0,1,0,0,1,0
,b688a48a-00a1-4363-8313-85c9551888a3,Mr. Robert J Knight,male,41,0,2,0,0,0,1,0,1,0,0,1,0
,a0eb2762-7238-4b85-98b4-bbc3457282cc,Mr. Robert Mernagh,male,28,0,3,0,0,7.75,1,0,1,0,0,0,1
,8aba5cb1-f4dc-4a8e-a1e6-9ba88e866f81,Mr. Robert William Norman Leyson,male,24,0,2,0,0,10.5,1,0,1,0,0,1,0
,566bacf0-5e28-40c2-82ce-a0be89191e9f,Mr. Robert Williams Daniel,male,27,1,1,0,0,30.5,1,0,0,1,1,0,0
,a7816442-8d34-44d7-a651-af78efcd07e3,Mr. Roger Tobin,male,20,0,3,0,0,7.75,1,0,1,0,0,0,1
,4b0182a6-459f-4cfb-8140-17ac5a2139d8,Mr. Rossmore Edward Abbott,male,16,0,3,1,1,20.25,1,0,1,0,0,0,1
,1b3d400f-a662-4de6-a54a-eee804c5ad77,Mr. Sahid Nakid,male,20,1,3,1,1,15.7417,1,0,0,1,0,0,1
,cec2ae05-d693-4130-988a-488fc0bea654,Mr. Samuel Abelson,male,30,0,2,1,0,24,1,0,1,0,0,1,0
,26e62b99-fa41-454b-b481-b81fdbb483e3,Mr. Samuel Beard Risien,male,69,0,3,0,0,14.5,1,0,1,0,0,0,1
,5f501644-9404-4524-b439-8da18cbdc3f9,Mr. Samuel Dennis,male,22,0,3,0,0,7.25,1,0,1,0,0,0,1
,c464f6a6-1871-4046-8722-d1ff361f68f1,Mr. Samuel Greenberg,male,52,0,2,0,0,13,1,0,1,0,0,1,0
,6f267d64-1e6e-418e-a1e8-5870489b6223,Mr. Samuel James Hayden Sobey,male,25,0,2,0,0,13,1,0,1,0,0,1,0
,e49cc1f8-13fa-4d6b-bafb-95b4fd3d38cc,Mr. Samuel L Goldenberg,male,49,1,1,1,0,89.1042,1,0,0,1,1,0,0
,bc5705f5-9eb4-4244-9586-4cc2f9b89386,Mr. Sante Ringhini,male,22,0,1,0,0,135.6333,1,0,1,0,1,0,0
,e397fe59-5cbe-4204-8316-6a780a02415a,Mr. Sarkis Lahoud,male,35,0,3,0,0,7.225,1,0,1,0,0,0,1
,08525f7e-fc88-4109-8467-8011e40f15c2,Mr. Satio Coleff,male,24,0,3,0,0,7.4958,1,0,1,0,0,0,1
,b42dff1f-464c-4e83-9215-85c74c7a4998,Mr. Sebastiano del Carlo,male,29,0,2,1,0,27.7208,1,0,1,0,0,1,0
,f181388c-9598-4cbd-8332-073ef7023589,Mr. Selman Francis Slocovski,male,20,0,3,0,0,8.05,1,0,1,0,0,0,1
,5458481b-671d-408d-8eaa-c4307a2d9c4d,Mr. Shadrach Gale,male,34,0,2,1,0,21,1,0,1,0,0,1,0
,3b381141-0239-4668-85bb-32d516f5bd6d,Mr. Sidney Samuel Jacobsohn,male,42,0,2,1,0,27,1,0,1,0,0,1,0
,ffc0ef78-2a42-43ee-99dc-f8fb57acea24,Mr. Sigurd Hansen Moen,male,25,0,3,0,0,7.65,1,0,1,0,0,0,1
,fec4d16c-baa3-4884-8629-257bb21c8e58,Mr. Simon Maisner,male,34,0,3,0,0,8.05,1,0,1,0,0,0,1
,ea5f62cb-d7bd-4e4b-9552-db4c15d384e0,Mr. Sinai Kantor,male,34,0,2,1,0,26,1,0,1,0,0,1,0
,f789d523-a639-47fc-b796-fb2d856b2ecd,Mr. Sleiman Attalah,male,30,0,3,0,0,7.225,1,0,1,0,0,0,1
,3186108b-16ab-4f10-9a70-d10d66b95d5b,Mr. Spencer Victor Silverthorne,male,35,1,1,0,0,26.2875,1,0,0,1,1,0,0
,831a5010-8368-43aa-b1d2-f9f19ec38699,Mr. Stanley George Hickman,male,21,0,2,2,0,73.5,1,0,1,0,0,1,0
,a673aeec-19dd-4280-b958-be82292f13b3,Mr. Stanley Hubert Fox,male,36,0,2,0,0,13,1,0,1,0,0,1,0
,3fa4ffb0-f2fe-401e-b14a-bb1933426ce3,Mr. Stefo Pavlovic,male,32,0,3,0,0,7.8958,1,0,1,0,0,0,1
,a84c28b3-2aee-4d65-a8f4-648f2238802d,Mr. Stephen Curnow Jenkin,male,32,0,2,0,0,10.5,1,0,1,0,0,1,0
,1a53e276-606e-4686-b55b-004892a02b2f,Mr. Stephen Hold,male,44,0,2,1,0,26,1,0,1,0,0,1,0
,fa202070-49fa-4fb1-9da5-a075cda06a6f,Mr. Stephen Weart Blackwell,male,45,0,1,0,0,35.5,1,0,1,0,1,0,0
,9528107b-0639-4589-a925-f0c129942790,Mr. Stjepan Turcin,male,36,0,3,0,0,7.8958,1,0,1,0,0,0,1
,a6e6d207-d677-41d0-b6c8-f27e22500a37,Mr. Stoytcho Mionoff,male,28,0,3,0,0,7.8958,1,0,1,0,0,0,1
,9e751b02-4b93-418e-b4ef-5c541fd3f8bf,Mr. Svend Lauritz Jensen,male,17,0,3,1,0,7.0542,1,0,1,0,0,0,1
,347791bd-a7e0-4e1a-ae1b-c8820925f537,Mr. Tannous Betros,male,20,0,3,0,0,4.0125,1,0,1,0,0,0,1
,f1edbeb6-708b-4904-bc98-9f8dc1533fab,Mr. Tannous Doharr,male,28,0,3,0,0,7.2292,1,0,1,0,0,0,1
,907dd3d7-df16-4a74-b4b8-8fb176a26d8f,Mr. Tannous Elias,male,15,0,3,1,1,7.2292,1,0,1,0,0,0,1
,9a2dc5c5-d5d7-4248-8281-c0caa7e6f44e,Mr. Theodore de Mulder,male,30,1,3,0,0,9.5,1,0,0,1,0,0,1
,71c82c61-1167-4a08-94c4-57a633666c20,Mr. Thomas Charles Mudd,male,16,0,2,0,0,10.5,1,0,1,0,0,1,0
,a2b4d392-08a6-45b5-83e9-9f6049d86239,Mr. Thomas Clinton Pears,male,29,0,1,1,0,66.6,1,0,1,0,1,0,0
,72d2968e-78a5-43da-8dec-9565c078996b,Mr. Thomas Drake Martinez Cardeza,male,36,1,1,0,1,512.3292,1,0,0,1,1,0,0
,d8f1246d-973b-443c-a0ba-e57864faf64f,Mr. Thomas J Kilgannon,male,22,0,3,0,0,7.7375,1,0,1,0,0,0,1
,e5b4e121-6b9c-4cc1-87ca-24b2baf1fbf9,Mr. Thomas Joseph McCormack,male,19,1,3,0,0,7.75,1,0,0,1,0,0,1
,24a45e9b-43dc-4dcb-9bf3-901a4550ed16,Mr. Thomas Jr Andrews,male,39,0,1,0,0,0,1,0,1,0,1,0,0
,379c4d94-d0f0-4e64-bba6-b01795f4d3ab,Mr. Thomas Leonard Theobald,male,34,0,3,0,0,8.05,1,0,1,0,0,0,1
,c34fa9d8-6213-46bf-a8e5-8f707bb88450,Mr. Thomas O'Brien,male,27,0,3,1,0,15.5,1,0,1,0,0,0,1
,0d2793b6-91eb-462c-8b9b-603ee3a01eda,Mr. Thomas Rowan Morrow,male,30,0,3,0,0,7.75,1,0,1,0,0,0,1
,bf62f5e8-ed4d-4887-a482-8cfdb1dcb2db,Mr. Thomas William Solomon Brown,male,60,0,2,1,1,39,1,0,1,0,0,1,0
,6e04c0f2-e7d2-4f6e-af53-ce8bcdc99092,Mr. Thor Anderson Olsvigen,male,20,0,3,0,0,9.225,1,0,1,0,0,0,1
,be890f63-227b-48dc-8085-0a0118c7d3aa,Mr. Thornton Davidson,male,31,0,1,1,0,52,1,0,1,0,1,0,0
,ff92eb81-5476-4657-a615-6238a50fbc9c,Mr. Tido Rekic,male,38,0,3,0,0,7.8958,1,0,1,0,0,0,1
,c5dd3c33-ecf8-4817-bae3-ae2e42afa46e,Mr. Timothy J McCarthy,male,54,0,1,0,0,51.8625,1,0,1,0,1,0,0
,d003cf09-efbf-488b-8100-9a914c724df4,Mr. Timothy O'Brien,male,21,0,3,0,0,7.8292,1,0,1,0,0,0,1
,9522a897-d253-4ed5-8b7f-34630f7377b4,Mr. Todor Sdycoff,male,42,0,3,0,0,7.8958,1,0,1,0,0,0,1
,44f1329c-e320-46c3-a2fc-28d627acb3f8,Mr. Tyrell William Cavendish,male,36,0,1,1,0,78.85,1,0,1,0,1,0,0
,3d3408d5-6382-435f-84cf-32e2fac3f151,Mr. Uscher Paulner,male,16,0,3,0,0,8.7125,1,0,1,0,0,0,1
,2e691f0e-8e1b-41d3-9e26-0f9bd17d68bb,Mr. Vasil Plotcharsky,male,27,0,3,0,0,7.8958,1,0,1,0,0,0,1
,585575b5-e2ae-4386-8a2e-d7980aeb1681,Mr. Victor Francis Sunderland,male,16,1,3,0,0,8.05,1,0,0,1,0,0,1
,e83d4da7-d8c1-4291-8a52-34a8d68c4b3e,Mr. Victor Giglio,male,24,0,1,0,0,79.2,1,0,1,0,1,0,0
,e0369173-751e-4632-8e4c-6403c7cfb2db,Mr. Victor Robbins,male,45,0,1,0,0,227.525,1,0,1,0,1,0,0
,ad357401-b17b-4c0a-b0e8-676ffcba58ec,Mr. Victor Vander Cruyssen,male,47,0,3,0,0,9,1,0,1,0,0,0,1
,70297c27-376e-4dc5-9a8a-35f3d8d5bd51,Mr. Victor de Satode Penasco y Castellana,male,18,0,1,1,0,108.9,1,0,1,0,1,0,0
,01a94942-fd06-4d98-bf7a-3807c59625d3,Mr. Viktor Richard Rosblom,male,18,0,3,1,1,20.2125,1,0,1,0,0,0,1
,0a77bafc-2167-4e41-906f-0f17ad092416,Mr. Vincenz Kink,male,26,0,3,2,0,8.6625,1,0,1,0,0,0,1
,a28aa260-55ee-40eb-90d9-1bacb152a631,Mr. Walter Chamberlain Porter,male,47,0,1,0,0,52,1,0,1,0,1,0,0
,3bc189d2-6860-477f-b676-3ab363cc86ee,Mr. Walter Donald Douglas,male,50,0,1,1,0,106.425,1,0,1,0,1,0,0
,55cd3495-5957-49bb-8af1-70be9a76208b,Mr. Walter Harris,male,30,0,2,0,0,10.5,1,0,1,0,0,1,0
,634b5a4e-9af3-4238-94cf-213b5206ac4c,Mr. Walter James Hawksford,male,45,1,1,0,0,30,1,0,0,1,1,0,0
,46b7209c-00a1-4bed-a955-b8aa8cc83ad8,Mr. Washington Augustus II Roebling,male,31,0,1,0,0,50.4958,1,0,1,0,1,0,0
,5c87eeb3-5fd4-493e-bc49-d6b6b53e224e,Mr. Wazli Yousif,male,23,0,3,0,0,7.225,1,0,1,0,0,0,1
,985b0576-104a-4a53-b40e-0d937ab79095,Mr. Wilhelm Skoog,male,40,0,3,1,4,27.9,1,0,1,0,0,0,1
,2260e6a7-78be-4c33-a6fb-f4bfacee6482,Mr. William Alexander,male,26,0,3,0,0,7.8875,1,0,1,0,0,0,1
,1277b7b1-5aea-47e3-8cf4-5a20ea2abc8f,Mr. William Alfred Brocklebank,male,35,0,3,0,0,8.05,1,0,1,0,0,0,1
,eb3362ab-9ac3-4733-8933-69b1d19fc075,Mr. William Ali,male,25,0,3,0,0,7.05,1,0,1,0,0,0,1
,24e198ac-a91d-46f2-bc55-dcb565ea6a02,Mr. William Anderson Walker,male,47,0,1,0,0,34.0208,1,0,1,0,1,0,0
,6d14cdc6-6072-4b80-98df-b37477776968,Mr. William Arthur Lobb,male,30,0,3,1,0,16.1,1,0,1,0,0,0,1
,9dabf326-af6d-4694-9446-2b384b5f4f5b,Mr. William Baird Silvey,male,50,0,1,1,0,55.9,1,0,1,0,1,0,0
,073ec43f-9baf-4cc5-a857-c9963b6ab597,Mr. William Bertram Greenfield,male,23,1,1,0,1,63.3583,1,0,0,1,1,0,0
,41854891-2567-47f0-954d-a315efc6ce22,Mr. William Cahoone Jr Johnson,male,19,0,3,0,0,0,1,0,1,0,0,0,1
,a00d8cba-83bc-4f9d-acd5-f960772e71d0,Mr. William Campbell,male,21,0,2,0,0,0,1,0,1,0,0,1,0
,89bd15d6-290e-40b2-ba8c-5779b7944e10,Mr. William Carbines,male,19,0,2,0,0,13,1,0,1,0,0,1,0
,cd9b4e13-553a-496f-8fec-f75598396d53,Mr. William Ernest Carter,male,36,1,1,1,2,120,1,0,0,1,1,0,0
,d7125e79-9062-4713-8475-006f4bcc6397,Mr. William Fisher Hoyt,male,43,0,1,0,0,30.6958,1,0,1,0,1,0,0
,5c6374ca-c6ea-4f52-9c2c-859e81526100,Mr. William Harrison,male,40,0,1,0,0,0,1,0,1,0,1,0,0
,0004290c-6771-48de-8218-8e9fc5239ea0,Mr. William Henry Allen,male,35,0,3,0,0,8.05,1,0,1,0,0,0,1
,4930f20e-e71e-4773-baab-f767dda38f01,Mr. William Henry Gillespie,male,34,0,2,0,0,13,1,0,1,0,0,1,0
,df2e927f-138b-45ca-9411-0d98de41c6c8,Mr. William Henry Marsh Parr,male,30,0,1,0,0,0,1,0,1,0,1,0,0
,b1443801-8c23-4ae8-a1f0-14167194c9c7,Mr. William Henry Saundercock,male,20,0,3,0,0,8.05,1,0,1,0,0,0,1
,102aee29-f079-4ed3-9807-751115a32c99,Mr. William Henry Tornquist,male,25,1,3,0,0,0,1,0,0,1,0,0,1
,c70cccf7-b313-4fa2-bdcb-f8668afbad3b,Mr. William James Downton,male,54,0,2,0,0,26,1,0,1,0,0,1,0
,afa7d99a-7bdd-4576-ac43-b1bdfe9c5aed,Mr. William James Elsbury,male,47,0,3,0,0,7.25,1,0,1,0,0,0,1
,d125cea6-d96f-4ea2-8730-7b1315d9d28d,Mr. William John Berriman,male,23,0,2,0,0,13,1,0,1,0,0,1,0
,1f173743-a7de-4297-8853-d92d911d5db8,Mr. William John Matthews,male,30,0,2,0,0,13,1,0,1,0,0,1,0
,13b33509-194f-412c-9f91-e9d437bbccfe,Mr. William John Mellors,male,19,1,2,0,0,10.5,1,0,0,1,0,1,0
,53291836-1d5b-497a-aecf-8f35d7a79000,Mr. William John Robert Turpin,male,29,0,2,1,0,21,1,0,1,0,0,1,0
,737a410a-a3af-4388-921b-5d47742f5958,Mr. William John Rogers,male,30,0,3,0,0,8.05,1,0,1,0,0,0,1
,f84df066-ad16-46ed-9e4a-f7c4b41f1a16,Mr. William Morley,male,34,0,3,0,0,8.05,1,0,1,0,0,0,1
,9fd4368e-23ed-49f1-a341-5e50392ec7f2,Mr. William Neal Ford,male,16,0,3,1,3,34.375,1,0,1,0,0,0,1
,71a52e97-23fe-4004-bf31-55a6d24b1e3f,Mr. William Thomas Beavan,male,19,0,3,0,0,8.05,1,0,1,0,0,0,1
,fc6dd5ed-8ced-48b1-884b-6158514daba9,Mr. William Thomas Stead,male,62,0,1,0,0,26.55,1,0,1,0,1,0,0
,98b72ad3-ec9f-445b-b317-48140b4b3d82,Mr. William Thompson Sloper,male,28,1,1,0,0,35.5,1,0,0,1,1,0,0
,9e3aa4bf-1ee5-415b-89c4-779e2b9e0e40,Mr. Wyckoff Van der hoef,male,61,0,1,0,0,33.5,1,0,1,0,1,0,0
,37994690-6a38-4d0f-bb49-5c4967d2162d,Mr. Yoto Danoff,male,27,0,3,0,0,7.8958,1,0,1,0,0,0,1
,9938e93f-6fc3-460e-8af3-06584ad7667f,Mr. Youssef Samaan,male,16,0,3,2,0,21.6792,1,0,1,0,0,0,1
,608c8717-f5a4-46ac-8788-b57a10a09685,Mr. Yousseff Ibrahim Shawah,male,30,0,3,0,0,7.2292,1,0,1,0,0,0,1
,94365056-e595-434b-a665-03dac8678a88,Mrs. (Ada E Hall) Ball,female,36,1,2,0,0,13,0,1,0,1,0,1,0
,1344a453-2043-4e87-b757-25d0bebfca0b,Mrs. (Amelia Milley) Lemore,female,34,1,2,0,0,10.5,0,1,0,1,0,1,0
,4e0de72f-e68f-4279-9665-7f499d607ebe,Mrs. (Beila) Moor,female,27,1,3,0,1,12.475,0,1,0,1,0,0,1
,c70a5622-35bf-4814-9780-03699d2205f3,Mrs. (Catherine David) Barbara,female,45,0,3,0,1,14.4542,0,1,1,0,0,0,1
,8940b7f5-ed7b-477c-92ab-1857fe79c1d5,Mrs. (Edith Martha Bowerman) Chibnall,female,48,1,1,0,1,55,0,1,0,1,1,0,0
,c8e7e883-88bc-44ac-8b6e-69b36080e1fa,Mrs. (Elizabeth Anne Maidment) Mellinger,female,41,1,2,0,1,19.5,0,1,0,1,0,1,0
,3065070a-fc25-43d8-8dd0-0864c842b036,Mrs. (Elizabeth Ramell) Nye,female,29,1,2,0,0,10.5,0,1,0,1,0,1,0
,a41a40c1-40c7-4e77-a409-919ab6b08abd,Mrs. (Hedwig) Turkula,female,63,1,3,0,0,9.5875,0,1,0,1,0,0,1
,bc711909-be8d-4ff9-a067-41e1c87763e0,Mrs. (Karolina) Bystrom,female,42,1,2,0,0,13,0,1,0,1,0,1,0
,b393f34b-c8f2-4ae9-9b1a-25c2a4a23a0e,Mrs. (Lutie Davis) Parrish,female,50,1,2,0,1,26,0,1,0,1,0,1,0
,4165ec2f-53ed-42d4-9661-a968022f78cf,Mrs. (Mantoura Boulos) Moussa,female,35,1,3,0,0,7.2292,0,1,0,1,0,0,1
,7b7ffd04-e23d-490c-be45-c2fa07d6b01c,Mrs. (Mary D Kingcome) Hewlett,female,55,1,2,0,0,16,0,1,0,1,0,1,0
,a6aea082-2b06-48ae-871a-8d2c40383bdf,Mrs. (Mary) Mack,female,57,0,2,0,0,10.5,0,1,1,0,0,1,0
,dc0ce6d5-906b-411b-b71a-d9ac2df9ca30,Mrs. (Rosa) Pinsky,female,32,1,2,0,0,13,0,1,0,1,0,1,0
,6dd03cbf-4f90-4adc-b4fe-d1465a7343e5,Mrs. Albert Adrian (Vera Gillespie) Dick,female,17,1,1,1,0,57,0,1,0,1,1,0,0
,267c58e0-d6bd-45e8-97c5-b362576f7bb1,Mrs. Albert Francis (Sylvia Mae Harbaugh) Caldwell,female,22,1,2,1,1,29,0,1,0,1,0,1,0
,57607749-9524-4363-845c-fa7130cd575d,Mrs. Alexander A (Grace Charity Laury) Robins,female,47,0,3,1,0,14.5,0,1,1,0,0,0,1
,4de8d824-d9b0-48eb-8e12-85cc927aca2d,Mrs. Alexander Oskar (Mary Aline Towner) Holverson,female,35,1,1,1,0,52,0,1,0,1,1,0,0
,b170b750-f086-453f-a0d9-5a9c306f07ad,Mrs. Amin S (Marie Marthe Thuillard) Jerwan,female,23,1,2,0,0,13.7917,0,1,0,1,0,1,0
,5d893e3d-39c3-4d21-b447-55380a3dce2d,Mrs. Anders Johan (Alfrida Konstantia Brogren) Andersson,female,39,0,3,1,5,31.275,0,1,1,0,0,0,1
,7e2b0b24-11bd-44a7-9891-0eb5a2016de4,Mrs. Antoni (Selini Alexander) Yasbeck,female,15,1,3,1,0,14.4542,0,1,0,1,0,0,1
,e89b3778-6fd4-4bf5-afda-47490cee9b80,Mrs. Benjamin (Esther Ada Bloomfield) Hart,female,45,1,2,1,1,26.25,0,1,0,1,0,1,0
,d7bb2aac-deaa-43f9-bdf1-3e0941aed67c,Mrs. Carl Oscar (Selma Augusta Emilia Johansson) Asplund,female,38,1,3,1,5,31.3875,0,1,0,1,0,0,1
,0c328c31-8f1d-49ee-809c-2596dd6f4951,Mrs. Catherine (Catherine Rizk) Peter,female,24,1,3,0,2,22.3583,0,1,0,1,0,0,1
,486ffac8-91cc-4035-bc3a-7a35328a829a,Mrs. Charles Alexander (Alice Adelaide Slow) Louch,female,42,1,2,1,0,26,0,1,0,1,0,1,0
,f8597cd3-cad1-4140-9896-19524192ca30,Mrs. Charles Melville (Clara Jennings Gregg) Hays,female,52,1,1,1,1,93.5,0,1,0,1,1,0,0
,db36368d-d0aa-40a8-a2b7-376ff2ceddea,Mrs. Charles V (Ada Maria Winfield) Clarke,female,28,1,2,1,0,26,0,1,0,1,0,1,0
,6a706bee-fe9c-4031-9880-d8ae6ac41de6,Mrs. Darwis (Hanne Youssef Razi) Touma,female,29,1,3,0,2,15.2458,0,1,0,1,0,0,1
,c68ef587-1592-41e9-883c-d986cd031e3f,Mrs. Dickinson H (Helen Walton) Bishop,female,19,1,1,1,0,91.0792,0,1,0,1,1,0,0
,cb1b8ade-688d-4145-99b0-511a160da906,Mrs. Edgar Joseph (Leila Saks) Meyer,female,25,1,1,1,0,82.1708,0,1,0,1,1,0,0
,87c6dd27-7239-40a4-b526-99fc2b258d81,Mrs. Edward (Ethel Clarke) Beane,female,19,1,2,1,0,26,0,1,0,1,0,1,0
,0d282875-1cc7-4f7f-875b-370ad7d8db55,Mrs. Edward (Margaret Ann Watson) Ford,female,48,0,3,1,3,34.375,0,1,1,0,0,0,1
,3d0a8018-b703-47b9-ac5f-99a402f153f1,Mrs. Edward Dale (Charlotte Lamson) Appleton,female,53,1,1,2,0,51.4792,0,1,0,1,1,0,0
,2bcd04b9-c60f-4ccc-b120-702916af90fb,Mrs. Edward Scott (Elisabeth Walton McMillan) Robert,female,43,1,1,0,1,211.3375,0,1,0,1,1,0,0
,d936efd1-3931-4697-aa85-5954d4c49836,Mrs. Edwy Arthur (Ada Mary Worth) West,female,33,1,2,1,2,27.75,0,1,0,1,0,1,0
,60ef5ee3-ca70-4d67-9aab-05ba6260f3d3,Mrs. Elizabeth (Eliza Needs) Hocking,female,54,1,2,1,3,23,0,1,0,1,0,1,0
,9c0afbd8-199f-4cde-9512-ecb99410f6c0,Mrs. Elmer Zebley (Juliet Cummins Wright) Taylor,female,48,1,1,1,0,52,0,1,0,1,1,0,0
,4a0b7376-3270-4184-8825-b32e8787056d,Mrs. Emil (Tillie Mandelbaum) Taussig,female,39,1,1,1,1,79.65,0,1,0,1,1,0,0
,c1bc12f6-88fa-4da1-a0f0-b953cf36f0e7,Mrs. Ernest Courtenay (Lilian Hughes) Carter,female,44,0,2,1,0,26,0,1,1,0,0,1,0
,ad409aa9-bb44-4e84-8d00-7205acf70792,Mrs. Ernst Gilbert (Anna Sigrid Maria Brogren) Danbom,female,28,0,3,1,1,14.4,0,1,1,0,0,0,1
,b02d53e9-8168-4f79-b756-8311587eb83e,Mrs. Fatima Masselmani,female,22,1,3,0,0,7.225,0,1,0,1,0,0,1
,c8d8479f-0d75-4c33-b6b7-179b081abb63,Mrs. Florence Kelly,female,45,1,2,0,0,13.5,0,1,0,1,0,1,0
,786d1a21-dcc2-46ab-9928-719caa31b7af,Mrs. Frank John (Emily Alice Brown) Goldsmith,female,31,1,3,1,1,20.525,0,1,0,1,0,0,1
,cd88ed2e-e1e7-4551-9f66-ee1ee6bf442b,Mrs. Frank Manley (Anna Sophia Atkinson) Warren,female,60,1,1,1,0,75.25,0,1,0,1,1,0,0
,fada8491-aa6a-4c0e-bac2-14098a12ef08,Mrs. Frederic Oakley (Margaretta Corning Stone) Spedden,female,40,1,1,1,1,134.5,0,1,0,1,1,0,0
,4abf9f71-8274-4b36-bca9-f89114b50582,Mrs. Frederick (Augusta Tyler) Goodwin,female,43,0,3,1,6,46.9,0,1,1,0,0,0,1
,44fd13f1-1410-40a3-ab05-0db6ca1c8657,Mrs. Frederick Charles (Jane Richards) Quick,female,33,1,2,0,2,26,0,1,0,1,0,1,0
,fbf144c9-2f96-45c0-adaa-8d5e3c4f333e,Mrs. Frederick Joel (Margaret Welles Barron) Swift,female,48,1,1,0,0,25.9292,0,1,0,1,1,0,0
,090809c4-0cde-47b3-a410-c51b6e067d1b,Mrs. Frederick Maxfield (Jane Anne Forby) Hoyt,female,35,1,1,1,0,90,0,1,0,1,1,0,0
,8ced1ef8-f462-41f5-b1ae-0f644a7229dc,Mrs. Frederick R (Marion) Kenyon,female,41,1,1,1,0,51.8625,0,1,0,1,1,0,0
,2987d247-aadc-4ca3-a31e-070e5368e3ad,Mrs. George Dennick (Mary Hitchcock) Wick,female,45,1,1,1,1,164.8667,0,1,0,1,1,0,0
,70bfda4a-aba9-4354-8629-2a6e921bdaee,Mrs. George Nelson (Martha Evelyn) Stone,female,62,1,1,0,0,80,0,1,0,1,1,0,0
,be685a8d-3aea-46de-8f37-0c6454b3a534,Mrs. Gertrude Maybelle Thorne,female,38,1,1,0,0,79.2,0,1,0,1,1,0,0
,eff7d6da-8dba-42ff-bde2-aa4e9ba55e7d,Mrs. Guillaume Joseph (Emma) de Messemaeker,female,36,1,3,1,0,17.4,0,1,0,1,0,0,1
,243e3a15-67e0-4540-a610-3f809038c1b0,Mrs. Harvey (Charlotte Annie Tate) Collyer,female,31,1,2,1,1,26.25,0,1,0,1,0,1,0
,0f971dcb-dc8a-4d63-9838-99fb32e206f4,Mrs. Henry Birkhardt (Irene Wallach) Harris,female,35,1,1,1,0,83.475,0,1,0,1,1,0,0
,c5a95923-74aa-45d9-86f7-facef11091f5,Mrs. Henry Sleeper (Myna Haxtun) Harper,female,49,1,1,1,0,76.7292,0,1,0,1,1,0,0
,bdb950d4-c2ff-4971-8314-6ff7e4390b42,Mrs. Henry William (Clara Heinsheimer) Frauenthal,female,42,1,1,1,0,133.65,0,1,0,1,1,0,0
,609a94de-3bf5-4c7d-afad-2856e81bc606,Mrs. Hjalmar (Agnes Charlotta Bengtsson) Sandstrom,female,24,1,3,0,2,16.7,0,1,0,1,0,0,1
,54ac128d-57e4-4cee-9006-c13ea46e082c,Mrs. Hudson J C (Bessie Waldo Daniels) Allison,female,25,0,1,1,2,151.55,0,1,1,0,1,0,0
,7a9f2b6d-e949-4008-8ac1-5bdd49c99044,Mrs. Jacques Heath (Lily May Peel) Futrelle,female,35,1,1,1,0,53.1,0,1,0,1,1,0,0
,be45c403-760a-485f-bf27-c7540e999c5d,Mrs. James (Elizabeth Inglis Milne) Watt,female,40,1,2,0,0,15.75,0,1,0,1,0,1,0
,f3a18f27-74cb-4b61-be75-fe6b148691ce,Mrs. James (Helene DeLaudeniere Chaput) Baxter,female,50,1,1,0,1,247.5208,0,1,0,1,1,0,0
,f07e1a2e-0e0d-4b36-b913-67a8d51b0795,Mrs. James Joseph (Margaret Tobin) Brown,female,44,1,1,0,0,27.7208,0,1,0,1,1,0,0
,abab4acb-d249-451b-8acf-a7e642f0a469,Mrs. James Vivian (Lulu Thorne Christian) Drew,female,34,1,2,1,1,32.5,0,1,0,1,0,1,0
,21d30059-c6fb-4d43-b00c-211b4445037a,Mrs. Jean Baptiste (Rosalie Paula Govaert) Van Impe,female,30,0,3,1,1,24.15,0,1,1,0,0,0,1
,584eeaf0-f192-4d2f-a16e-12b055ed924d,Mrs. Johan (Johanna Persdotter Larsson) Ahlin,female,40,0,3,1,0,9.475,0,1,1,0,0,0,1
,9aad015c-a8e5-4966-b087-aa25d6aa8999,Mrs. John (Catherine) Bourke,female,32,0,3,1,1,15.5,0,1,1,0,0,0,1
,5fef54cb-106a-4aef-9ad4-75cd82e186b9,Mrs. John Borland (Marian Longstreth Morris) Thayer,female,39,1,1,1,1,110.8833,0,1,0,1,1,0,0
,d85c7423-5d79-4e09-a1dc-b9915948a74b,Mrs. John Bradley (Florence Briggs Thayer) Cumings,female,38,1,1,1,0,71.2833,0,1,0,1,1,0,0
,cb7a936c-7b1b-46f4-ada3-e9567b5e5b77,Mrs. John C (Anna Andrews) Hogeboom,female,51,1,1,1,0,77.9583,0,1,0,1,1,0,0
,a6a2fb61-1108-4b27-8866-f4deb6ec3c38,Mrs. John Jacob (Madeleine Talmadge Force) Astor,female,18,1,1,1,0,227.525,0,1,0,1,1,0,0
,54fb71a2-7ae1-4cc0-8648-5ecf1f70644a,Mrs. John T (Ada Julia Bone) Doling,female,34,1,2,0,1,23,0,1,0,1,0,1,0
,c27edb6a-bef4-479e-848e-8bb39cb9e27d,Mrs. Josef (Josefine Franchi) Arnold-Franchi,female,18,0,3,1,0,17.8,0,1,1,0,0,0,1
,9d021d83-d525-4f25-bc12-baba3d122de4,Mrs. Joseph (Juliette Marie Louise Lafargue) Laroche,female,22,1,2,1,2,41.5792,0,1,0,1,0,1,0
,d83358ae-4348-4897-8040-774c1b3e1ea8,Mrs. Joseph (Maria Elias) Caram,female,18,0,3,1,0,14.4583,0,1,1,0,0,0,1
,4f857951-8309-4797-8fe8-21acf59708ae,Mrs. Joseph (Sultana) Boulos,female,40,0,3,0,2,15.2458,0,1,1,0,0,0,1
,ef1930f2-f324-49c1-80c7-0a02a6aca5b9,Mrs. Juha (Maria Emilia Ojala) Panula,female,41,0,3,0,5,39.6875,0,1,1,0,0,0,1
,55c24116-e02e-4bd9-9525-bba766d82819,Mrs. Julius (Emelia Maria Vandemoortele) Vander Planke,female,31,0,3,1,0,18,0,1,1,0,0,0,1
,1913df0c-4a18-43e9-8da6-9a582e56650d,Mrs. Karl Alfred (Maria Mathilda Gustafsson) Backstrom,female,33,1,3,3,0,15.85,0,1,0,1,0,0,1
,ffae9422-c511-48ff-a1ff-879e972124be,Mrs. Leopold (Mathilde Francoise Pede) Weisz,female,29,1,2,1,0,26,0,1,0,1,0,1,0
,a83bb0fc-2089-486b-b4c9-41447d2b6b6a,Mrs. Lizzie (Elizabeth Anne Wilkinson) Faunthorpe,female,29,1,2,1,0,26,0,1,0,1,0,1,0
,1c84c9aa-a005-496e-b1c1-b390f4a1e5e6,Mrs. Louis Albert (Ida Sophia Fischer) Hippach,female,44,1,1,0,1,57.9792,0,1,0,1,1,0,0
,0a5ab286-139e-47e2-a05b-d33f5e8625fb,Mrs. Mara Osman,female,31,1,3,0,0,8.6833,0,1,0,1,0,0,1
,85a65df9-2cae-4375-9d46-f465f48d1536,Mrs. Martin (Elizabeth L. Barrett) Rothschild,female,54,1,1,1,0,59.4,0,1,0,1,1,0,0
,2f6ae981-bee9-40a4-a7f3-f71b31c33dad,Mrs. Nicholas (Adele Achem) Nasser,female,14,1,2,1,0,30.0708,0,1,0,1,0,1,0
,6795b898-4272-468a-b8a0-768ca9ca0617,Mrs. Nils (Alma Cornelia Berglund) Palsson,female,29,0,3,0,4,21.075,0,1,1,0,0,0,1
,499ac801-7a72-4596-b177-52e7abdbf55d,Mrs. Norman Campbell (Bertha Griggs) Chambers,female,33,1,1,1,0,53.1,0,1,0,1,1,0,0
,52546a20-41d6-42b6-9bfb-2345f680c328,Mrs. Oscar W (Elisabeth Vilhelmina Berg) Johnson,female,27,1,3,0,2,11.1333,0,1,0,1,0,0,1
,3d2990ec-c36f-4103-b575-a94ba1c60547,Mrs. Pekka Pietari (Elin Matilda Dolck) Hakkarainen,female,24,1,3,1,0,15.85,0,1,0,1,0,0,1
,119d64f7-285e-451c-890a-2ff3ff780388,Mrs. Percival (Florence Kate White) Thorneycroft,female,33,1,3,1,0,16.1,0,1,0,1,0,0,1
,9be72a3e-cddf-4c10-9b1d-3e101ccf9a70,Mrs. Peter Henry (Lillian Jefferys) Renouf,female,30,1,2,3,0,21,0,1,0,1,0,1,0
,816ff5b7-fd72-49ba-b7e4-10ed18027e9b,Mrs. Richard Leonard (Sallie Monypeny) Beckwith,female,47,1,1,1,1,52.5542,0,1,0,1,1,0,0
,776596cf-9746-4a56-a59a-96df5287a541,Mrs. Sam (Leah Rosen) Aks,female,18,1,3,0,1,9.35,0,1,0,1,0,0,1
,42b89031-c8cc-400a-9684-4b7f7c7e60d1,Mrs. Samuel (Hannah Wizosky) Abelson,female,28,1,2,1,0,24,0,1,0,1,0,1,0
,d90e4a46-b2c9-4fc3-81fe-d26e31a79f4b,Mrs. Samuel (Jane Laver) Herman,female,48,1,2,1,2,65,0,1,0,1,0,1,0
,cb758cb7-470f-425f-8e84-0fb702b76f83,Mrs. Samuel L (Edwiga Grabowska) Goldenberg,female,40,1,1,1,0,89.1042,0,1,0,1,1,0,0
,36be8f37-f30b-4e21-aa5e-61fd1ae426d9,Mrs. Sidney (Emily Hocking) Richards,female,24,1,2,2,3,18.75,0,1,0,1,0,1,0
,6b5ef6c1-dee1-4ff5-8b24-f3ddb6d11314,Mrs. Sidney Samuel (Amy Frances Christy) Jacobsohn,female,24,1,2,2,1,27,0,1,0,1,0,1,0
,fc08f918-8f7c-4b24-9079-90fdb91eff9f,Mrs. Sinai (Miriam Sternin) Kantor,female,24,1,2,1,0,26,0,1,0,1,0,1,0
,cb60d200-c363-4049-8e59-cf6b2c1f898e,Mrs. Solomon (Latifa Qurban) Baclini,female,24,1,3,0,3,19.2583,0,1,0,1,0,0,1
,aedda8e8-7330-4869-9a0f-174a08161276,Mrs. Stanton (Rosa Hunt) Abbott,female,35,1,3,1,1,20.25,0,1,0,1,0,0,1
,a2efa8cd-f732-46fb-84a8-dc6ee570f311,Mrs. Thomas (Annie Louise Rowley) Meek,female,32,0,3,0,0,8.05,0,1,1,0,0,0,1
,e96ea131-03bf-45fb-9c27-9f1804c319d1,Mrs. Thomas (Edith Wearne) Pears,female,22,1,1,1,0,66.6,0,1,0,1,1,0,0
,344c9036-38b2-4a3d-b6c6-987416d583d5,Mrs. Thomas (Johanna Godfrey) O'Brien,female,26,1,3,1,0,15.5,0,1,0,1,0,0,1
,a612089f-44e2-45aa-85eb-9b35eb13c157,Mrs. Thomas Henry (Mary E Finck) Davison,female,34,1,3,1,0,16.1,0,1,0,1,0,0,1
,2e42f0ef-7301-44d9-897a-99d1bae06295,Mrs. Thomas Jr (Lily Alexenia Wilson) Potter,female,56,1,1,0,1,83.1583,0,1,0,1,1,0,0
,9191779e-5f07-4bc0-baba-ec95b0ca480f,Mrs. Thomas William Solomon (Elizabeth Catherine Ford) Brown,female,40,1,2,1,1,39,0,1,0,1,0,1,0
,af075a1a-10eb-4c0a-bbfe-ca6b85b281c6,Mrs. Victor de Satode (Maria Josefa Perez de Soto y Vallejo) Penasco y Castellana,female,17,1,1,1,0,108.9,0,1,0,1,1,0,0
,407d2aa7-27e1-486b-acf1-ed431f43f60b,Mrs. Viktor (Helena Wilhelmina) Rosblom,female,41,0,3,0,2,20.2125,0,1,1,0,0,0,1
,0e9c5765-b035-4350-b865-0b59da1a28c5,Mrs. Walter Bertram (Martha Eustis) Stephenson,female,52,1,1,1,0,78.2667,0,1,0,1,1,0,0
,f1a4791c-84f7-43db-9f9c-5272209b919c,Mrs. Wilhelm (Elna Matilda Persson) Strom,female,29,0,3,1,1,10.4625,0,1,1,0,0,0,1
,406d58ff-f13a-4b81-bc81-a7ef58f22db4,Mrs. William (Anna Bernhardina Karlsson) Skoog,female,45,0,3,1,4,27.9,0,1,1,0,0,0,1
,702d05e4-17ea-4504-9659-086c62709628,Mrs. William (Anna Sylfven) Lahtinen,female,26,0,2,1,1,26,0,1,1,0,0,1,0
,a9e1b664-f5a9-464f-825c-25c585d483bf,Mrs. William (Anna) Hamalainen,female,24,1,2,0,2,14.5,0,1,0,1,0,1,0
,c1e9075c-0e21-4d58-bd0c-c97708c1c2c1,Mrs. William (Imanita Parrish Hall) Shelley,female,25,1,2,0,1,26,0,1,0,1,0,1,0
,0e3ac4e4-3fd0-4b5d-b4e6-2aeb9f8852a4,Mrs. William (Margaret Norton) Rice,female,39,0,3,0,5,29.125,0,1,1,0,0,0,1
,6c1578cf-0c9a-4a99-91f5-beedd67a13c1,Mrs. William A (Florence Agnes Hughes) Angle,female,36,1,2,1,0,26,0,1,0,1,0,1,0
,869ab680-fb22-42a0-9a5c-f3eb2abdd831,Mrs. William Arthur (Cordelia K Stanlick) Lobb,female,26,0,3,1,0,16.1,0,1,1,0,0,0,1
,6b805f10-8444-40c2-a0fa-cbf106c4c993,Mrs. William Augustus (Marie Eugenie) Spencer,female,48,1,1,1,0,146.5208,0,1,0,1,1,0,0
,faaf67e9-11ef-4b97-b3c8-d2375e6e6030,Mrs. William Baird (Alice Munger) Silvey,female,39,1,1,1,0,55.9,0,1,0,1,1,0,0
,06a36523-e4d3-4da2-bbdc-41331cb1c31b,Mrs. William Ernest (Lucile Polk) Carter,female,36,1,1,1,2,120,0,1,0,1,1,0,0
,21195b02-9687-447a-b882-06089ad9f950,Mrs. William H (Jessie L) Trout,female,28,1,2,0,0,12.65,0,1,0,1,0,1,0
,bf9e798b-9a61-45c0-9996-26bbc47ecaba,Mrs. William John Robert (Dorothy Ann Wonnacott) Turpin,female,27,0,2,1,0,21,0,1,1,0,0,1,0
,1d5c79b3-8ba7-4560-b666-8812450238ad,Mrs. William Thompson (Edith Junkins) Graham,female,58,1,1,0,1,153.4625,0,1,0,1,1,0,0
,7abc8ba0-dd0b-41f2-88ac-6284f8e51eee,Ms. Encarnacion Reynaldo,female,28,1,2,0,0,13,0,1,0,1,0,1,0
,c3671ef4-2646-4d7a-8d15-4efac7e2ab15,Rev. Charles Leonard Kirkland,male,57,0,2,0,0,12.35,1,0,1,0,0,1,0
,a94b5b0a-44ba-44f5-a9e0-622c125c151b,Rev. Ernest Courtenay Carter,male,54,0,2,1,0,26,1,0,1,0,0,1,0
,3cdc683c-1d9f-4077-882a-45174ae70276,Rev. John Harper,male,28,0,2,0,1,33,1,0,1,0,0,1,0
,c2510e26-5399-4d6a-acd4-84d124bb4ade,Rev. Juozas Montvila,male,27,0,2,0,0,13,1,0,1,0,0,1,0
,bab70602-fa46-487d-a0d0-5402befb8f58,Rev. Robert James Bateman,male,51,0,2,0,0,12.525,1,0,1,0,0,1,0
,b3f502f1-4d11-403a-9462-f8de7eeda37e,Rev. Thomas Roussel Davids Byles,male,42,0,2,0,0,13,1,0,1,0,0,1,0
,12298b3c-1ab4-4613-825b-8e0fca15c223,Sir. Cosmo Edmund Duff Gordon,male,49,1,1,1,0,56.9292,1,0,0,1,1,0,0
,2c8b1bd3-fda8-4fdd-8d75-3999fe2c60a3,the Countess. of (Lucy Noel Martha Dyer-Edwards) Rothes,female,33,1,1,0,0,86.5,0,1,0,1,1,0,0
